Workbook
Name Width: #REF!

Sheet NEW SHOES
A1: REVISION DATE: | E1: FALL 2026 PROGRAM NEW SHOES | X1: RWSS | AJ1: F26_RWSS_L1 | AK1: H - 90 FFT
A2: 121125 | AH2: Order Grand Total | AJ2: F26_RWSS_L2 | AK2: L - 2% FFT
A3: PROGRAM A | P3: DOMESTIC-A | Y3: Select Dropdown | AA3: GRAND TOTAL FOOTWEAR | AG3: =AG5+EXISTING!AF6+'EUROPEAN SHOES'!AC5 -> 95 | AH3: =AG4+'CARE PRODUCTS & MISC'!Q3 -> 17421 | AJ3: F26 RWSS NO TERMS | AK3: M - 180 FFT
A4: NEW AND SEASONAL | E4: DATE: | M4: ACCOUNT # | W4: NO | AA4: GRAND TOTAL FOOTWEAR $ | AG4: =AG6+EXISTING!AF7+'EUROPEAN SHOES'!AC6 -> 14250 | AH4: DEALERSHIP TERMS OPTIONS | AK4: N - 4% FFT | AR4: RWBR | AS4: M
B5: Please enter last name only -------> | E5: SALES REP: | L5: STORE NAME: | W5: change to YES for address change | AA5: NEW SHOES TOTAL | AG5: =A14+A23+A27+A35+A47+A65+A69+A73+A77+A85+A89+A97 -> 95 | AH5: NEW SHOES L1 | AI5: OPTED OUT OF RECOMMENDATION (terms H or L) | AK5: O - 180 4% | AR5: WORX | AS5: W
E6: P.O. #: | F6: =IF(F7="",F8,F7) -> F26 A | M6: ADDRESS: | AA6: NEW SHOES TOTAL $ | AG6: =A15+A24+A28+A36+A48+A66+A74+A78+A86+A90+A98+A70 -> 14250 | AH6: NEW SHOES L2 | AI6: RECOMMENDATION SELECTED (terms M, N, O, or P) | AK6: P - 8% | AL6: A | AM6: NO | AR6: Irish Setter
E7: PO ENTRY: | N7: CITY: | AA7: TERMS: | AK7: F - NO TERMS | AL7: B | AM7: YES | AR7: Rubber
E8: Default PO | F8: F26 A | N8: STATE: | S8: ZIP CODE: | AH8: Footwear Tabs: New Shoes Colored Tab: Only New Accessories Available | AL8: C
A9: ALL HIGHLIGHTED FIELDS ARE REQUIRED FIELDS | AA9: OUR REFERENCE: | AL9: D
AJ10: Customer Order Number (Internal use only)
B11: Package | C11: CO TYPE | D11: Ship Date | E11: Style | F11: Width | G11: 1 | H11: 2 | I11: 3 | J11: 4 | K11: 4.5 | L11: 5 | M11: 5.5 | N11: 6 | O11: 6.5 | P11: 7 | Q11: 7.5 | R11: 8 | S11: 8.5 | T11: 9 | U11: 9.5 | V11: 10 | W11: 10.5 | X11: 11 | Y11: 11.5 | Z11: 12 | AA11: 13 | AB11: 14 | AC11: 15 | AD11: 16 | AE11: 17 | AF11: 18 | AG11: Total Pair | AH11: Price/Pr | AI11: Total Price /PR | AT11: Package (hide) | AU11: Brand | AV11: Gender
A12: RED WING | C12: UNF | D12: 101526 | E12: 2543 | F12: D | L12: =IF(IF($AT12<>"",VLOOKUP(CONCATENATE($AT12,$AU12,$AV12,$F12),'SKU Dist'!$E$2:$X$200,'SKU Dist'!F$1,FALSE),"")=0,"",IF($AT12<>"",VLOOKUP(CONCATENATE($AT12,$AU12,$AV12,$F12),'SKU Dist'!$E$2:$X$200,'SKU Dist'!F$1,FALSE),"")) | M12: =IF(IF($AT12<>"",VLOOKUP(CONCATENATE($AT12,$AU12,$AV12,$F12),'SKU Dist'!$E$2:$X$200,'SKU Dist'!G$1,FALSE),"")=0,"",IF($AT12<>"",VLOOKUP(CONCATENATE($AT12,$AU12,$AV12,$F12),'SKU Dist'!$E$2:$X$200,'SKU Dist'!G$1,FALSE),"")) | N12: =IF(IF($AT12<>"",VLOOKUP(CONCATENATE($AT12,$AU12,$AV12,$F12),'SKU Dist'!$E$2:$X$200,'SKU Dist'!H$1,FALSE),"")=0,"",IF($AT12<>"",VLOOKUP(CONCATENATE($AT12,$AU12,$AV12,$F12),'SKU Dist'!$E$2:$X$200,'SKU Dist'!H$1,FALSE),"")) | O12: =IF(IF($AT12<>"",VLOOKUP(CONCATENATE($AT12,$AU12,$AV12,$F12),'SKU Dist'!$E$2:$X$200,'SKU Dist'!I$1,FALSE),"")=0,"",IF($AT12<>"",VLOOKUP(CONCATENATE($AT12,$AU12,$AV12,$F12),'SKU Dist'!$E$2:$X$200,'SKU Dist'!I$1,FALSE),"")) | P12: =IF(IF($AT12<>"",VLOOKUP(CONCATENATE($AT12,$AU12,$AV12,$F12),'SKU Dist'!$E$2:$X$200,'SKU Dist'!J$1,FALSE),"")=0,"",IF($AT12<>"",VLOOKUP(CONCATENATE($AT12,$AU12,$AV12,$F12),'SKU Dist'!$E$2:$X$200,'SKU Dist'!J$1,FALSE),"")) | Q12: =IF(IF($AT12<>"",VLOOKUP(CONCATENATE($AT12,$AU12,$AV12,$F12),'SKU Dist'!$E$2:$X$200,'SKU Dist'!K$1,FALSE),"")=0,"",IF($AT12<>"",VLOOKUP(CONCATENATE($AT12,$AU12,$AV12,$F12),'SKU Dist'!$E$2:$X$200,'SKU Dist'!K$1,FALSE),"")) | R12: =IF(IF($AT12<>"",VLOOKUP(CONCATENATE($AT12,$AU12,$AV12,$F12),'SKU Dist'!$E$2:$X$200,'SKU Dist'!L$1,FALSE),"")=0,"",IF($AT12<>"",VLOOKUP(CONCATENATE($AT12,$AU12,$AV12,$F12),'SKU Dist'!$E$2:$X$200,'SKU Dist'!L$1,FALSE),"")) | S12: 1 | T12: 1 | U12: 2 | V12: 2 | W12: 2 | X12: 2 | Y12: 1 | Z12: 2 | AA12: =IF(IF($AT12<>"",VLOOKUP(CONCATENATE($AT12,$AU12,$AV12,$F12),'SKU Dist'!$E$2:$X$200,'SKU Dist'!U$1,FALSE),"")=0,"",IF($AT12<>"",VLOOKUP(CONCATENATE($AT12,$AU12,$AV12,$F12),'SKU Dist'!$E$2:$X$200,'SKU Dist'!U$1,FALSE),"")) | AB12: =IF(IF($AT12<>"",VLOOKUP(CONCATENATE($AT12,$AU12,$AV12,$F12),'SKU Dist'!$E$2:$X$200,'SKU Dist'!V$1,FALSE),"")=0,"",IF($AT12<>"",VLOOKUP(CONCATENATE($AT12,$AU12,$AV12,$F12),'SKU Dist'!$E$2:$X$200,'SKU Dist'!V$1,FALSE),"")) | AC12: =IF(IF($AT12<>"",VLOOKUP(CONCATENATE($AT12,$AU12,$AV12,$F12),'SKU Dist'!$E$2:$X$200,'SKU Dist'!W$1,FALSE),"")=0,"",IF($AT12<>"",VLOOKUP(CONCATENATE($AT12,$AU12,$AV12,$F12),'SKU Dist'!$E$2:$X$200,'SKU Dist'!W$1,FALSE),"")) | AG12: =SUM(G12:AF12) -> 13 | AH12: 180 | AI12: =AG12*AH12 -> 2340 | AT12: =IF(E12=E11,AT11,IF(B12="","",B12)) | AU12: RWBR | AV12: M
A13: SuperSole X | C13: UNF | D13: 101526 | E13: 2543 | F13: E2 | L13: =IF(IF($AT13<>"",VLOOKUP(CONCATENATE($AT13,$AU13,$AV13,$F13),'SKU Dist'!$E$2:$X$200,'SKU Dist'!F$1,FALSE),"")=0,"",IF($AT13<>"",VLOOKUP(CONCATENATE($AT13,$AU13,$AV13,$F13),'SKU Dist'!$E$2:$X$200,'SKU Dist'!F$1,FALSE),"")) | M13: =IF(IF($AT13<>"",VLOOKUP(CONCATENATE($AT13,$AU13,$AV13,$F13),'SKU Dist'!$E$2:$X$200,'SKU Dist'!G$1,FALSE),"")=0,"",IF($AT13<>"",VLOOKUP(CONCATENATE($AT13,$AU13,$AV13,$F13),'SKU Dist'!$E$2:$X$200,'SKU Dist'!G$1,FALSE),"")) | N13: =IF(IF($AT13<>"",VLOOKUP(CONCATENATE($AT13,$AU13,$AV13,$F13),'SKU Dist'!$E$2:$X$200,'SKU Dist'!H$1,FALSE),"")=0,"",IF($AT13<>"",VLOOKUP(CONCATENATE($AT13,$AU13,$AV13,$F13),'SKU Dist'!$E$2:$X$200,'SKU Dist'!H$1,FALSE),"")) | O13: =IF(IF($AT13<>"",VLOOKUP(CONCATENATE($AT13,$AU13,$AV13,$F13),'SKU Dist'!$E$2:$X$200,'SKU Dist'!I$1,FALSE),"")=0,"",IF($AT13<>"",VLOOKUP(CONCATENATE($AT13,$AU13,$AV13,$F13),'SKU Dist'!$E$2:$X$200,'SKU Dist'!I$1,FALSE),"")) | P13: =IF(IF($AT13<>"",VLOOKUP(CONCATENATE($AT13,$AU13,$AV13,$F13),'SKU Dist'!$E$2:$X$200,'SKU Dist'!J$1,FALSE),"")=0,"",IF($AT13<>"",VLOOKUP(CONCATENATE($AT13,$AU13,$AV13,$F13),'SKU Dist'!$E$2:$X$200,'SKU Dist'!J$1,FALSE),"")) | Q13: =IF(IF($AT13<>"",VLOOKUP(CONCATENATE($AT13,$AU13,$AV13,$F13),'SKU Dist'!$E$2:$X$200,'SKU Dist'!K$1,FALSE),"")=0,"",IF($AT13<>"",VLOOKUP(CONCATENATE($AT13,$AU13,$AV13,$F13),'SKU Dist'!$E$2:$X$200,'SKU Dist'!K$1,FALSE),"")) | R13: =IF(IF($AT13<>"",VLOOKUP(CONCATENATE($AT13,$AU13,$AV13,$F13),'SKU Dist'!$E$2:$X$200,'SKU Dist'!L$1,FALSE),"")=0,"",IF($AT13<>"",VLOOKUP(CONCATENATE($AT13,$AU13,$AV13,$F13),'SKU Dist'!$E$2:$X$200,'SKU Dist'!L$1,FALSE),"")) | T13: 1 | U13: 1 | V13: 1 | W13: 1 | X13: 1 | Z13: 1 | AA13: =IF(IF($AT13<>"",VLOOKUP(CONCATENATE($AT13,$AU13,$AV13,$F13),'SKU Dist'!$E$2:$X$200,'SKU Dist'!U$1,FALSE),"")=0,"",IF($AT13<>"",VLOOKUP(CONCATENATE($AT13,$AU13,$AV13,$F13),'SKU Dist'!$E$2:$X$200,'SKU Dist'!U$1,FALSE),"")) | AB13: =IF(IF($AT13<>"",VLOOKUP(CONCATENATE($AT13,$AU13,$AV13,$F13),'SKU Dist'!$E$2:$X$200,'SKU Dist'!V$1,FALSE),"")=0,"",IF($AT13<>"",VLOOKUP(CONCATENATE($AT13,$AU13,$AV13,$F13),'SKU Dist'!$E$2:$X$200,'SKU Dist'!V$1,FALSE),"")) | AG13: =SUM(G13:AF13) -> 6 | AH13: 180 | AI13: =AG13*AH13 -> 1080 | AT13: =IF(E13=E12,AT12,IF(B13="","",B13)) | AU13: RWBR | AV13: M
A14: =SUM(AG12:AG20) -> 19 | C14: UNF | D14: 101526 | E14: 2543 | F14: E3 | L14: =IF(IF($AT14<>"",VLOOKUP(CONCATENATE($AT14,$AU14,$AV14,$F14),'SKU Dist'!$E$2:$X$200,'SKU Dist'!F$1,FALSE),"")=0,"",IF($AT14<>"",VLOOKUP(CONCATENATE($AT14,$AU14,$AV14,$F14),'SKU Dist'!$E$2:$X$200,'SKU Dist'!F$1,FALSE),"")) | M14: =IF(IF($AT14<>"",VLOOKUP(CONCATENATE($AT14,$AU14,$AV14,$F14),'SKU Dist'!$E$2:$X$200,'SKU Dist'!G$1,FALSE),"")=0,"",IF($AT14<>"",VLOOKUP(CONCATENATE($AT14,$AU14,$AV14,$F14),'SKU Dist'!$E$2:$X$200,'SKU Dist'!G$1,FALSE),"")) | N14: =IF(IF($AT14<>"",VLOOKUP(CONCATENATE($AT14,$AU14,$AV14,$F14),'SKU Dist'!$E$2:$X$200,'SKU Dist'!H$1,FALSE),"")=0,"",IF($AT14<>"",VLOOKUP(CONCATENATE($AT14,$AU14,$AV14,$F14),'SKU Dist'!$E$2:$X$200,'SKU Dist'!H$1,FALSE),"")) | O14: =IF(IF($AT14<>"",VLOOKUP(CONCATENATE($AT14,$AU14,$AV14,$F14),'SKU Dist'!$E$2:$X$200,'SKU Dist'!I$1,FALSE),"")=0,"",IF($AT14<>"",VLOOKUP(CONCATENATE($AT14,$AU14,$AV14,$F14),'SKU Dist'!$E$2:$X$200,'SKU Dist'!I$1,FALSE),"")) | P14: =IF(IF($AT14<>"",VLOOKUP(CONCATENATE($AT14,$AU14,$AV14,$F14),'SKU Dist'!$E$2:$X$200,'SKU Dist'!J$1,FALSE),"")=0,"",IF($AT14<>"",VLOOKUP(CONCATENATE($AT14,$AU14,$AV14,$F14),'SKU Dist'!$E$2:$X$200,'SKU Dist'!J$1,FALSE),"")) | Q14: =IF(IF($AT14<>"",VLOOKUP(CONCATENATE($AT14,$AU14,$AV14,$F14),'SKU Dist'!$E$2:$X$200,'SKU Dist'!K$1,FALSE),"")=0,"",IF($AT14<>"",VLOOKUP(CONCATENATE($AT14,$AU14,$AV14,$F14),'SKU Dist'!$E$2:$X$200,'SKU Dist'!K$1,FALSE),"")) | R14: =IF(IF($AT14<>"",VLOOKUP(CONCATENATE($AT14,$AU14,$AV14,$F14),'SKU Dist'!$E$2:$X$200,'SKU Dist'!L$1,FALSE),"")=0,"",IF($AT14<>"",VLOOKUP(CONCATENATE($AT14,$AU14,$AV14,$F14),'SKU Dist'!$E$2:$X$200,'SKU Dist'!L$1,FALSE),"")) | S14: =IF(IF($AT14<>"",VLOOKUP(CONCATENATE($AT14,$AU14,$AV14,$F14),'SKU Dist'!$E$2:$X$200,'SKU Dist'!M$1,FALSE),"")=0,"",IF($AT14<>"",VLOOKUP(CONCATENATE($AT14,$AU14,$AV14,$F14),'SKU Dist'!$E$2:$X$200,'SKU Dist'!M$1,FALSE),"")) | ... AB14: =IF(IF($AT14<>"",VLOOKUP(CONCATENATE($AT14,$AU14,$AV14,$F14),'SKU Dist'!$E$2:$X$200,'SKU Dist'!V$1,FALSE),"")=0,"",IF($AT14<>"",VLOOKUP(CONCATENATE($AT14,$AU14,$AV14,$F14),'SKU Dist'!$E$2:$X$200,'SKU Dist'!V$1,FALSE),"")) | AG14: =SUM(G14:AF14) -> 0 | AH14: 180 | AI14: =AG14*AH14 -> 0 | AT14: =IF(E14=E13,AT13,IF(B14="","",B14)) | AU14: RWBR | AV14: M
A15: =SUM(AI12:AI20) -> 3420 | C15: UNF | D15: 101526 | E15: 3577 | F15: D | L15: =IF(IF($AT15<>"",VLOOKUP(CONCATENATE($AT15,$AU15,$AV15,$F15),'SKU Dist'!$E$2:$X$200,'SKU Dist'!F$1,FALSE),"")=0,"",IF($AT15<>"",VLOOKUP(CONCATENATE($AT15,$AU15,$AV15,$F15),'SKU Dist'!$E$2:$X$200,'SKU Dist'!F$1,FALSE),"")) | M15: =IF(IF($AT15<>"",VLOOKUP(CONCATENATE($AT15,$AU15,$AV15,$F15),'SKU Dist'!$E$2:$X$200,'SKU Dist'!G$1,FALSE),"")=0,"",IF($AT15<>"",VLOOKUP(CONCATENATE($AT15,$AU15,$AV15,$F15),'SKU Dist'!$E$2:$X$200,'SKU Dist'!G$1,FALSE),"")) | N15: =IF(IF($AT15<>"",VLOOKUP(CONCATENATE($AT15,$AU15,$AV15,$F15),'SKU Dist'!$E$2:$X$200,'SKU Dist'!H$1,FALSE),"")=0,"",IF($AT15<>"",VLOOKUP(CONCATENATE($AT15,$AU15,$AV15,$F15),'SKU Dist'!$E$2:$X$200,'SKU Dist'!H$1,FALSE),"")) | O15: =IF(IF($AT15<>"",VLOOKUP(CONCATENATE($AT15,$AU15,$AV15,$F15),'SKU Dist'!$E$2:$X$200,'SKU Dist'!I$1,FALSE),"")=0,"",IF($AT15<>"",VLOOKUP(CONCATENATE($AT15,$AU15,$AV15,$F15),'SKU Dist'!$E$2:$X$200,'SKU Dist'!I$1,FALSE),"")) | P15: =IF(IF($AT15<>"",VLOOKUP(CONCATENATE($AT15,$AU15,$AV15,$F15),'SKU Dist'!$E$2:$X$200,'SKU Dist'!J$1,FALSE),"")=0,"",IF($AT15<>"",VLOOKUP(CONCATENATE($AT15,$AU15,$AV15,$F15),'SKU Dist'!$E$2:$X$200,'SKU Dist'!J$1,FALSE),"")) | Q15: =IF(IF($AT15<>"",VLOOKUP(CONCATENATE($AT15,$AU15,$AV15,$F15),'SKU Dist'!$E$2:$X$200,'SKU Dist'!K$1,FALSE),"")=0,"",IF($AT15<>"",VLOOKUP(CONCATENATE($AT15,$AU15,$AV15,$F15),'SKU Dist'!$E$2:$X$200,'SKU Dist'!K$1,FALSE),"")) | R15: =IF(IF($AT15<>"",VLOOKUP(CONCATENATE($AT15,$AU15,$AV15,$F15),'SKU Dist'!$E$2:$X$200,'SKU Dist'!L$1,FALSE),"")=0,"",IF($AT15<>"",VLOOKUP(CONCATENATE($AT15,$AU15,$AV15,$F15),'SKU Dist'!$E$2:$X$200,'SKU Dist'!L$1,FALSE),"")) | S15: =IF(IF($AT15<>"",VLOOKUP(CONCATENATE($AT15,$AU15,$AV15,$F15),'SKU Dist'!$E$2:$X$200,'SKU Dist'!M$1,FALSE),"")=0,"",IF($AT15<>"",VLOOKUP(CONCATENATE($AT15,$AU15,$AV15,$F15),'SKU Dist'!$E$2:$X$200,'SKU Dist'!M$1,FALSE),"")) | ... AC15: =IF(IF($AT15<>"",VLOOKUP(CONCATENATE($AT15,$AU15,$AV15,$F15),'SKU Dist'!$E$2:$X$200,'SKU Dist'!W$1,FALSE),"")=0,"",IF($AT15<>"",VLOOKUP(CONCATENATE($AT15,$AU15,$AV15,$F15),'SKU Dist'!$E$2:$X$200,'SKU Dist'!W$1,FALSE),"")) | AG15: =SUM(G15:AF15) -> 0 | AH15: 190 | AI15: =AG15*AH15 -> 0 | AT15: =IF(E15=E14,AT14,IF(B15="","",B15)) | AU15: RWBR | AV15: M
C16: UNF | D16: 101526 | E16: 3577 | F16: E2 | L16: =IF(IF($AT16<>"",VLOOKUP(CONCATENATE($AT16,$AU16,$AV16,$F16),'SKU Dist'!$E$2:$X$200,'SKU Dist'!F$1,FALSE),"")=0,"",IF($AT16<>"",VLOOKUP(CONCATENATE($AT16,$AU16,$AV16,$F16),'SKU Dist'!$E$2:$X$200,'SKU Dist'!F$1,FALSE),"")) | M16: =IF(IF($AT16<>"",VLOOKUP(CONCATENATE($AT16,$AU16,$AV16,$F16),'SKU Dist'!$E$2:$X$200,'SKU Dist'!G$1,FALSE),"")=0,"",IF($AT16<>"",VLOOKUP(CONCATENATE($AT16,$AU16,$AV16,$F16),'SKU Dist'!$E$2:$X$200,'SKU Dist'!G$1,FALSE),"")) | N16: =IF(IF($AT16<>"",VLOOKUP(CONCATENATE($AT16,$AU16,$AV16,$F16),'SKU Dist'!$E$2:$X$200,'SKU Dist'!H$1,FALSE),"")=0,"",IF($AT16<>"",VLOOKUP(CONCATENATE($AT16,$AU16,$AV16,$F16),'SKU Dist'!$E$2:$X$200,'SKU Dist'!H$1,FALSE),"")) | O16: =IF(IF($AT16<>"",VLOOKUP(CONCATENATE($AT16,$AU16,$AV16,$F16),'SKU Dist'!$E$2:$X$200,'SKU Dist'!I$1,FALSE),"")=0,"",IF($AT16<>"",VLOOKUP(CONCATENATE($AT16,$AU16,$AV16,$F16),'SKU Dist'!$E$2:$X$200,'SKU Dist'!I$1,FALSE),"")) | P16: =IF(IF($AT16<>"",VLOOKUP(CONCATENATE($AT16,$AU16,$AV16,$F16),'SKU Dist'!$E$2:$X$200,'SKU Dist'!J$1,FALSE),"")=0,"",IF($AT16<>"",VLOOKUP(CONCATENATE($AT16,$AU16,$AV16,$F16),'SKU Dist'!$E$2:$X$200,'SKU Dist'!J$1,FALSE),"")) | Q16: =IF(IF($AT16<>"",VLOOKUP(CONCATENATE($AT16,$AU16,$AV16,$F16),'SKU Dist'!$E$2:$X$200,'SKU Dist'!K$1,FALSE),"")=0,"",IF($AT16<>"",VLOOKUP(CONCATENATE($AT16,$AU16,$AV16,$F16),'SKU Dist'!$E$2:$X$200,'SKU Dist'!K$1,FALSE),"")) | R16: =IF(IF($AT16<>"",VLOOKUP(CONCATENATE($AT16,$AU16,$AV16,$F16),'SKU Dist'!$E$2:$X$200,'SKU Dist'!L$1,FALSE),"")=0,"",IF($AT16<>"",VLOOKUP(CONCATENATE($AT16,$AU16,$AV16,$F16),'SKU Dist'!$E$2:$X$200,'SKU Dist'!L$1,FALSE),"")) | S16: =IF(IF($AT16<>"",VLOOKUP(CONCATENATE($AT16,$AU16,$AV16,$F16),'SKU Dist'!$E$2:$X$200,'SKU Dist'!M$1,FALSE),"")=0,"",IF($AT16<>"",VLOOKUP(CONCATENATE($AT16,$AU16,$AV16,$F16),'SKU Dist'!$E$2:$X$200,'SKU Dist'!M$1,FALSE),"")) | ... AB16: =IF(IF($AT16<>"",VLOOKUP(CONCATENATE($AT16,$AU16,$AV16,$F16),'SKU Dist'!$E$2:$X$200,'SKU Dist'!V$1,FALSE),"")=0,"",IF($AT16<>"",VLOOKUP(CONCATENATE($AT16,$AU16,$AV16,$F16),'SKU Dist'!$E$2:$X$200,'SKU Dist'!V$1,FALSE),"")) | AG16: =SUM(G16:AF16) -> 0 | AH16: 190 | AI16: =AG16*AH16 -> 0 | AT16: =IF(E16=E15,AT15,IF(B16="","",B16)) | AU16: RWBR | AV16: M
C17: UNF | D17: 101526 | E17: 3577 | F17: E3 | L17: =IF(IF($AT17<>"",VLOOKUP(CONCATENATE($AT17,$AU17,$AV17,$F17),'SKU Dist'!$E$2:$X$200,'SKU Dist'!F$1,FALSE),"")=0,"",IF($AT17<>"",VLOOKUP(CONCATENATE($AT17,$AU17,$AV17,$F17),'SKU Dist'!$E$2:$X$200,'SKU Dist'!F$1,FALSE),"")) | M17: =IF(IF($AT17<>"",VLOOKUP(CONCATENATE($AT17,$AU17,$AV17,$F17),'SKU Dist'!$E$2:$X$200,'SKU Dist'!G$1,FALSE),"")=0,"",IF($AT17<>"",VLOOKUP(CONCATENATE($AT17,$AU17,$AV17,$F17),'SKU Dist'!$E$2:$X$200,'SKU Dist'!G$1,FALSE),"")) | N17: =IF(IF($AT17<>"",VLOOKUP(CONCATENATE($AT17,$AU17,$AV17,$F17),'SKU Dist'!$E$2:$X$200,'SKU Dist'!H$1,FALSE),"")=0,"",IF($AT17<>"",VLOOKUP(CONCATENATE($AT17,$AU17,$AV17,$F17),'SKU Dist'!$E$2:$X$200,'SKU Dist'!H$1,FALSE),"")) | O17: =IF(IF($AT17<>"",VLOOKUP(CONCATENATE($AT17,$AU17,$AV17,$F17),'SKU Dist'!$E$2:$X$200,'SKU Dist'!I$1,FALSE),"")=0,"",IF($AT17<>"",VLOOKUP(CONCATENATE($AT17,$AU17,$AV17,$F17),'SKU Dist'!$E$2:$X$200,'SKU Dist'!I$1,FALSE),"")) | P17: =IF(IF($AT17<>"",VLOOKUP(CONCATENATE($AT17,$AU17,$AV17,$F17),'SKU Dist'!$E$2:$X$200,'SKU Dist'!J$1,FALSE),"")=0,"",IF($AT17<>"",VLOOKUP(CONCATENATE($AT17,$AU17,$AV17,$F17),'SKU Dist'!$E$2:$X$200,'SKU Dist'!J$1,FALSE),"")) | Q17: =IF(IF($AT17<>"",VLOOKUP(CONCATENATE($AT17,$AU17,$AV17,$F17),'SKU Dist'!$E$2:$X$200,'SKU Dist'!K$1,FALSE),"")=0,"",IF($AT17<>"",VLOOKUP(CONCATENATE($AT17,$AU17,$AV17,$F17),'SKU Dist'!$E$2:$X$200,'SKU Dist'!K$1,FALSE),"")) | R17: =IF(IF($AT17<>"",VLOOKUP(CONCATENATE($AT17,$AU17,$AV17,$F17),'SKU Dist'!$E$2:$X$200,'SKU Dist'!L$1,FALSE),"")=0,"",IF($AT17<>"",VLOOKUP(CONCATENATE($AT17,$AU17,$AV17,$F17),'SKU Dist'!$E$2:$X$200,'SKU Dist'!L$1,FALSE),"")) | S17: =IF(IF($AT17<>"",VLOOKUP(CONCATENATE($AT17,$AU17,$AV17,$F17),'SKU Dist'!$E$2:$X$200,'SKU Dist'!M$1,FALSE),"")=0,"",IF($AT17<>"",VLOOKUP(CONCATENATE($AT17,$AU17,$AV17,$F17),'SKU Dist'!$E$2:$X$200,'SKU Dist'!M$1,FALSE),"")) | ... AB17: =IF(IF($AT17<>"",VLOOKUP(CONCATENATE($AT17,$AU17,$AV17,$F17),'SKU Dist'!$E$2:$X$200,'SKU Dist'!V$1,FALSE),"")=0,"",IF($AT17<>"",VLOOKUP(CONCATENATE($AT17,$AU17,$AV17,$F17),'SKU Dist'!$E$2:$X$200,'SKU Dist'!V$1,FALSE),"")) | AG17: =SUM(G17:AF17) -> 0 | AH17: 190 | AI17: =AG17*AH17 -> 0 | AT17: =IF(E17=E16,AT16,IF(B17="","",B17)) | AU17: RWBR | AV17: M
C18: UNF | D18: 101526 | E18: 3580 | F18: D | L18: =IF(IF($AT18<>"",VLOOKUP(CONCATENATE($AT18,$AU18,$AV18,$F18),'SKU Dist'!$E$2:$X$200,'SKU Dist'!F$1,FALSE),"")=0,"",IF($AT18<>"",VLOOKUP(CONCATENATE($AT18,$AU18,$AV18,$F18),'SKU Dist'!$E$2:$X$200,'SKU Dist'!F$1,FALSE),"")) | M18: =IF(IF($AT18<>"",VLOOKUP(CONCATENATE($AT18,$AU18,$AV18,$F18),'SKU Dist'!$E$2:$X$200,'SKU Dist'!G$1,FALSE),"")=0,"",IF($AT18<>"",VLOOKUP(CONCATENATE($AT18,$AU18,$AV18,$F18),'SKU Dist'!$E$2:$X$200,'SKU Dist'!G$1,FALSE),"")) | N18: =IF(IF($AT18<>"",VLOOKUP(CONCATENATE($AT18,$AU18,$AV18,$F18),'SKU Dist'!$E$2:$X$200,'SKU Dist'!H$1,FALSE),"")=0,"",IF($AT18<>"",VLOOKUP(CONCATENATE($AT18,$AU18,$AV18,$F18),'SKU Dist'!$E$2:$X$200,'SKU Dist'!H$1,FALSE),"")) | O18: =IF(IF($AT18<>"",VLOOKUP(CONCATENATE($AT18,$AU18,$AV18,$F18),'SKU Dist'!$E$2:$X$200,'SKU Dist'!I$1,FALSE),"")=0,"",IF($AT18<>"",VLOOKUP(CONCATENATE($AT18,$AU18,$AV18,$F18),'SKU Dist'!$E$2:$X$200,'SKU Dist'!I$1,FALSE),"")) | P18: =IF(IF($AT18<>"",VLOOKUP(CONCATENATE($AT18,$AU18,$AV18,$F18),'SKU Dist'!$E$2:$X$200,'SKU Dist'!J$1,FALSE),"")=0,"",IF($AT18<>"",VLOOKUP(CONCATENATE($AT18,$AU18,$AV18,$F18),'SKU Dist'!$E$2:$X$200,'SKU Dist'!J$1,FALSE),"")) | Q18: =IF(IF($AT18<>"",VLOOKUP(CONCATENATE($AT18,$AU18,$AV18,$F18),'SKU Dist'!$E$2:$X$200,'SKU Dist'!K$1,FALSE),"")=0,"",IF($AT18<>"",VLOOKUP(CONCATENATE($AT18,$AU18,$AV18,$F18),'SKU Dist'!$E$2:$X$200,'SKU Dist'!K$1,FALSE),"")) | R18: =IF(IF($AT18<>"",VLOOKUP(CONCATENATE($AT18,$AU18,$AV18,$F18),'SKU Dist'!$E$2:$X$200,'SKU Dist'!L$1,FALSE),"")=0,"",IF($AT18<>"",VLOOKUP(CONCATENATE($AT18,$AU18,$AV18,$F18),'SKU Dist'!$E$2:$X$200,'SKU Dist'!L$1,FALSE),"")) | S18: =IF(IF($AT18<>"",VLOOKUP(CONCATENATE($AT18,$AU18,$AV18,$F18),'SKU Dist'!$E$2:$X$200,'SKU Dist'!M$1,FALSE),"")=0,"",IF($AT18<>"",VLOOKUP(CONCATENATE($AT18,$AU18,$AV18,$F18),'SKU Dist'!$E$2:$X$200,'SKU Dist'!M$1,FALSE),"")) | ... AC18: =IF(IF($AT18<>"",VLOOKUP(CONCATENATE($AT18,$AU18,$AV18,$F18),'SKU Dist'!$E$2:$X$200,'SKU Dist'!W$1,FALSE),"")=0,"",IF($AT18<>"",VLOOKUP(CONCATENATE($AT18,$AU18,$AV18,$F18),'SKU Dist'!$E$2:$X$200,'SKU Dist'!W$1,FALSE),"")) | AG18: =SUM(G18:AF18) -> 0 | AH18: 190 | AI18: =AG18*AH18 -> 0 | AT18: =IF(E18=E17,AT17,IF(B18="","",B18)) | AU18: RWBR | AV18: M
C19: UNF | D19: 101526 | E19: 3580 | F19: E2 | L19: =IF(IF($AT19<>"",VLOOKUP(CONCATENATE($AT19,$AU19,$AV19,$F19),'SKU Dist'!$E$2:$X$200,'SKU Dist'!F$1,FALSE),"")=0,"",IF($AT19<>"",VLOOKUP(CONCATENATE($AT19,$AU19,$AV19,$F19),'SKU Dist'!$E$2:$X$200,'SKU Dist'!F$1,FALSE),"")) | M19: =IF(IF($AT19<>"",VLOOKUP(CONCATENATE($AT19,$AU19,$AV19,$F19),'SKU Dist'!$E$2:$X$200,'SKU Dist'!G$1,FALSE),"")=0,"",IF($AT19<>"",VLOOKUP(CONCATENATE($AT19,$AU19,$AV19,$F19),'SKU Dist'!$E$2:$X$200,'SKU Dist'!G$1,FALSE),"")) | N19: =IF(IF($AT19<>"",VLOOKUP(CONCATENATE($AT19,$AU19,$AV19,$F19),'SKU Dist'!$E$2:$X$200,'SKU Dist'!H$1,FALSE),"")=0,"",IF($AT19<>"",VLOOKUP(CONCATENATE($AT19,$AU19,$AV19,$F19),'SKU Dist'!$E$2:$X$200,'SKU Dist'!H$1,FALSE),"")) | O19: =IF(IF($AT19<>"",VLOOKUP(CONCATENATE($AT19,$AU19,$AV19,$F19),'SKU Dist'!$E$2:$X$200,'SKU Dist'!I$1,FALSE),"")=0,"",IF($AT19<>"",VLOOKUP(CONCATENATE($AT19,$AU19,$AV19,$F19),'SKU Dist'!$E$2:$X$200,'SKU Dist'!I$1,FALSE),"")) | P19: =IF(IF($AT19<>"",VLOOKUP(CONCATENATE($AT19,$AU19,$AV19,$F19),'SKU Dist'!$E$2:$X$200,'SKU Dist'!J$1,FALSE),"")=0,"",IF($AT19<>"",VLOOKUP(CONCATENATE($AT19,$AU19,$AV19,$F19),'SKU Dist'!$E$2:$X$200,'SKU Dist'!J$1,FALSE),"")) | Q19: =IF(IF($AT19<>"",VLOOKUP(CONCATENATE($AT19,$AU19,$AV19,$F19),'SKU Dist'!$E$2:$X$200,'SKU Dist'!K$1,FALSE),"")=0,"",IF($AT19<>"",VLOOKUP(CONCATENATE($AT19,$AU19,$AV19,$F19),'SKU Dist'!$E$2:$X$200,'SKU Dist'!K$1,FALSE),"")) | R19: =IF(IF($AT19<>"",VLOOKUP(CONCATENATE($AT19,$AU19,$AV19,$F19),'SKU Dist'!$E$2:$X$200,'SKU Dist'!L$1,FALSE),"")=0,"",IF($AT19<>"",VLOOKUP(CONCATENATE($AT19,$AU19,$AV19,$F19),'SKU Dist'!$E$2:$X$200,'SKU Dist'!L$1,FALSE),"")) | S19: =IF(IF($AT19<>"",VLOOKUP(CONCATENATE($AT19,$AU19,$AV19,$F19),'SKU Dist'!$E$2:$X$200,'SKU Dist'!M$1,FALSE),"")=0,"",IF($AT19<>"",VLOOKUP(CONCATENATE($AT19,$AU19,$AV19,$F19),'SKU Dist'!$E$2:$X$200,'SKU Dist'!M$1,FALSE),"")) | ... AB19: =IF(IF($AT19<>"",VLOOKUP(CONCATENATE($AT19,$AU19,$AV19,$F19),'SKU Dist'!$E$2:$X$200,'SKU Dist'!V$1,FALSE),"")=0,"",IF($AT19<>"",VLOOKUP(CONCATENATE($AT19,$AU19,$AV19,$F19),'SKU Dist'!$E$2:$X$200,'SKU Dist'!V$1,FALSE),"")) | AG19: =SUM(G19:AF19) -> 0 | AH19: 190 | AI19: =AG19*AH19 -> 0 | AT19: =IF(E19=E18,AT18,IF(B19="","",B19)) | AU19: RWBR | AV19: M
C20: UNF | D20: 101526 | E20: 3580 | F20: E3 | L20: =IF(IF($AT20<>"",VLOOKUP(CONCATENATE($AT20,$AU20,$AV20,$F20),'SKU Dist'!$E$2:$X$200,'SKU Dist'!F$1,FALSE),"")=0,"",IF($AT20<>"",VLOOKUP(CONCATENATE($AT20,$AU20,$AV20,$F20),'SKU Dist'!$E$2:$X$200,'SKU Dist'!F$1,FALSE),"")) | M20: =IF(IF($AT20<>"",VLOOKUP(CONCATENATE($AT20,$AU20,$AV20,$F20),'SKU Dist'!$E$2:$X$200,'SKU Dist'!G$1,FALSE),"")=0,"",IF($AT20<>"",VLOOKUP(CONCATENATE($AT20,$AU20,$AV20,$F20),'SKU Dist'!$E$2:$X$200,'SKU Dist'!G$1,FALSE),"")) | N20: =IF(IF($AT20<>"",VLOOKUP(CONCATENATE($AT20,$AU20,$AV20,$F20),'SKU Dist'!$E$2:$X$200,'SKU Dist'!H$1,FALSE),"")=0,"",IF($AT20<>"",VLOOKUP(CONCATENATE($AT20,$AU20,$AV20,$F20),'SKU Dist'!$E$2:$X$200,'SKU Dist'!H$1,FALSE),"")) | O20: =IF(IF($AT20<>"",VLOOKUP(CONCATENATE($AT20,$AU20,$AV20,$F20),'SKU Dist'!$E$2:$X$200,'SKU Dist'!I$1,FALSE),"")=0,"",IF($AT20<>"",VLOOKUP(CONCATENATE($AT20,$AU20,$AV20,$F20),'SKU Dist'!$E$2:$X$200,'SKU Dist'!I$1,FALSE),"")) | P20: =IF(IF($AT20<>"",VLOOKUP(CONCATENATE($AT20,$AU20,$AV20,$F20),'SKU Dist'!$E$2:$X$200,'SKU Dist'!J$1,FALSE),"")=0,"",IF($AT20<>"",VLOOKUP(CONCATENATE($AT20,$AU20,$AV20,$F20),'SKU Dist'!$E$2:$X$200,'SKU Dist'!J$1,FALSE),"")) | Q20: =IF(IF($AT20<>"",VLOOKUP(CONCATENATE($AT20,$AU20,$AV20,$F20),'SKU Dist'!$E$2:$X$200,'SKU Dist'!K$1,FALSE),"")=0,"",IF($AT20<>"",VLOOKUP(CONCATENATE($AT20,$AU20,$AV20,$F20),'SKU Dist'!$E$2:$X$200,'SKU Dist'!K$1,FALSE),"")) | R20: =IF(IF($AT20<>"",VLOOKUP(CONCATENATE($AT20,$AU20,$AV20,$F20),'SKU Dist'!$E$2:$X$200,'SKU Dist'!L$1,FALSE),"")=0,"",IF($AT20<>"",VLOOKUP(CONCATENATE($AT20,$AU20,$AV20,$F20),'SKU Dist'!$E$2:$X$200,'SKU Dist'!L$1,FALSE),"")) | S20: =IF(IF($AT20<>"",VLOOKUP(CONCATENATE($AT20,$AU20,$AV20,$F20),'SKU Dist'!$E$2:$X$200,'SKU Dist'!M$1,FALSE),"")=0,"",IF($AT20<>"",VLOOKUP(CONCATENATE($AT20,$AU20,$AV20,$F20),'SKU Dist'!$E$2:$X$200,'SKU Dist'!M$1,FALSE),"")) | ... AB20: =IF(IF($AT20<>"",VLOOKUP(CONCATENATE($AT20,$AU20,$AV20,$F20),'SKU Dist'!$E$2:$X$200,'SKU Dist'!V$1,FALSE),"")=0,"",IF($AT20<>"",VLOOKUP(CONCATENATE($AT20,$AU20,$AV20,$F20),'SKU Dist'!$E$2:$X$200,'SKU Dist'!V$1,FALSE),"")) | AG20: =SUM(G20:AF20) -> 0 | AH20: 190 | AI20: =AG20*AH20 -> 0 | AT20: =IF(E20=E19,AT19,IF(B20="","",B20)) | AU20: RWBR | AV20: M
A21: RED WING | C21: KHR | D21: 081526 | E21: 3593 | F21: D | N21: =IF(IF($AT21<>"",VLOOKUP(CONCATENATE($AT21,$AU21,$AV21,$F21),'SKU Dist'!$E$2:$X$200,'SKU Dist'!H$1,FALSE),"")=0,"",IF($AT21<>"",VLOOKUP(CONCATENATE($AT21,$AU21,$AV21,$F21),'SKU Dist'!$E$2:$X$200,'SKU Dist'!H$1,FALSE),"")) | O21: =IF(IF($AT21<>"",VLOOKUP(CONCATENATE($AT21,$AU21,$AV21,$F21),'SKU Dist'!$E$2:$X$200,'SKU Dist'!I$1,FALSE),"")=0,"",IF($AT21<>"",VLOOKUP(CONCATENATE($AT21,$AU21,$AV21,$F21),'SKU Dist'!$E$2:$X$200,'SKU Dist'!I$1,FALSE),"")) | P21: =IF(IF($AT21<>"",VLOOKUP(CONCATENATE($AT21,$AU21,$AV21,$F21),'SKU Dist'!$E$2:$X$200,'SKU Dist'!J$1,FALSE),"")=0,"",IF($AT21<>"",VLOOKUP(CONCATENATE($AT21,$AU21,$AV21,$F21),'SKU Dist'!$E$2:$X$200,'SKU Dist'!J$1,FALSE),"")) | Q21: =IF(IF($AT21<>"",VLOOKUP(CONCATENATE($AT21,$AU21,$AV21,$F21),'SKU Dist'!$E$2:$X$200,'SKU Dist'!K$1,FALSE),"")=0,"",IF($AT21<>"",VLOOKUP(CONCATENATE($AT21,$AU21,$AV21,$F21),'SKU Dist'!$E$2:$X$200,'SKU Dist'!K$1,FALSE),"")) | R21: =IF(IF($AT21<>"",VLOOKUP(CONCATENATE($AT21,$AU21,$AV21,$F21),'SKU Dist'!$E$2:$X$200,'SKU Dist'!L$1,FALSE),"")=0,"",IF($AT21<>"",VLOOKUP(CONCATENATE($AT21,$AU21,$AV21,$F21),'SKU Dist'!$E$2:$X$200,'SKU Dist'!L$1,FALSE),"")) | AA21: =IF(IF($AT21<>"",VLOOKUP(CONCATENATE($AT21,$AU21,$AV21,$F21),'SKU Dist'!$E$2:$X$200,'SKU Dist'!U$1,FALSE),"")=0,"",IF($AT21<>"",VLOOKUP(CONCATENATE($AT21,$AU21,$AV21,$F21),'SKU Dist'!$E$2:$X$200,'SKU Dist'!U$1,FALSE),"")) | AB21: =IF(IF($AT21<>"",VLOOKUP(CONCATENATE($AT21,$AU21,$AV21,$F21),'SKU Dist'!$E$2:$X$200,'SKU Dist'!V$1,FALSE),"")=0,"",IF($AT21<>"",VLOOKUP(CONCATENATE($AT21,$AU21,$AV21,$F21),'SKU Dist'!$E$2:$X$200,'SKU Dist'!V$1,FALSE),"")) | AG21: =SUM(G21:AF21) -> 0 | AH21: 157.5 | AI21: =AG21*AH21 -> 0 | AT21: =IF(E21=E15,AT15,IF(B21="","",B21)) | AU21: RWBR | AV21: M
A22: ExosLite | C22: KHR | D22: 081526 | E22: 3593 | F22: E2 | N22: =IF(IF($AT22<>"",VLOOKUP(CONCATENATE($AT22,$AU22,$AV22,$F22),'SKU Dist'!$E$2:$X$200,'SKU Dist'!H$1,FALSE),"")=0,"",IF($AT22<>"",VLOOKUP(CONCATENATE($AT22,$AU22,$AV22,$F22),'SKU Dist'!$E$2:$X$200,'SKU Dist'!H$1,FALSE),"")) | O22: =IF(IF($AT22<>"",VLOOKUP(CONCATENATE($AT22,$AU22,$AV22,$F22),'SKU Dist'!$E$2:$X$200,'SKU Dist'!I$1,FALSE),"")=0,"",IF($AT22<>"",VLOOKUP(CONCATENATE($AT22,$AU22,$AV22,$F22),'SKU Dist'!$E$2:$X$200,'SKU Dist'!I$1,FALSE),"")) | P22: =IF(IF($AT22<>"",VLOOKUP(CONCATENATE($AT22,$AU22,$AV22,$F22),'SKU Dist'!$E$2:$X$200,'SKU Dist'!J$1,FALSE),"")=0,"",IF($AT22<>"",VLOOKUP(CONCATENATE($AT22,$AU22,$AV22,$F22),'SKU Dist'!$E$2:$X$200,'SKU Dist'!J$1,FALSE),"")) | Q22: =IF(IF($AT22<>"",VLOOKUP(CONCATENATE($AT22,$AU22,$AV22,$F22),'SKU Dist'!$E$2:$X$200,'SKU Dist'!K$1,FALSE),"")=0,"",IF($AT22<>"",VLOOKUP(CONCATENATE($AT22,$AU22,$AV22,$F22),'SKU Dist'!$E$2:$X$200,'SKU Dist'!K$1,FALSE),"")) | R22: =IF(IF($AT22<>"",VLOOKUP(CONCATENATE($AT22,$AU22,$AV22,$F22),'SKU Dist'!$E$2:$X$200,'SKU Dist'!L$1,FALSE),"")=0,"",IF($AT22<>"",VLOOKUP(CONCATENATE($AT22,$AU22,$AV22,$F22),'SKU Dist'!$E$2:$X$200,'SKU Dist'!L$1,FALSE),"")) | AA22: =IF(IF($AT22<>"",VLOOKUP(CONCATENATE($AT22,$AU22,$AV22,$F22),'SKU Dist'!$E$2:$X$200,'SKU Dist'!U$1,FALSE),"")=0,"",IF($AT22<>"",VLOOKUP(CONCATENATE($AT22,$AU22,$AV22,$F22),'SKU Dist'!$E$2:$X$200,'SKU Dist'!U$1,FALSE),"")) | AB22: =IF(IF($AT22<>"",VLOOKUP(CONCATENATE($AT22,$AU22,$AV22,$F22),'SKU Dist'!$E$2:$X$200,'SKU Dist'!V$1,FALSE),"")=0,"",IF($AT22<>"",VLOOKUP(CONCATENATE($AT22,$AU22,$AV22,$F22),'SKU Dist'!$E$2:$X$200,'SKU Dist'!V$1,FALSE),"")) | AG22: =SUM(G22:AF22) -> 0 | AH22: 157.5 | AI22: =AG22*AH22 -> 0 | AT22: =IF(E22=E16,AT16,IF(B22="","",B22)) | AU22: RWBR | AV22: M
A23: =SUM(AG21:AG24) -> 0 | C23: KHR | D23: 081526 | E23: 3593 | F23: H | R23: =IF(IF($AT23<>"",VLOOKUP(CONCATENATE($AT23,$AU23,$AV23,$F23),'SKU Dist'!$E$2:$X$200,'SKU Dist'!L$1,FALSE),"")=0,"",IF($AT23<>"",VLOOKUP(CONCATENATE($AT23,$AU23,$AV23,$F23),'SKU Dist'!$E$2:$X$200,'SKU Dist'!L$1,FALSE),"")) | S23: =IF(IF($AT23<>"",VLOOKUP(CONCATENATE($AT23,$AU23,$AV23,$F23),'SKU Dist'!$E$2:$X$200,'SKU Dist'!M$1,FALSE),"")=0,"",IF($AT23<>"",VLOOKUP(CONCATENATE($AT23,$AU23,$AV23,$F23),'SKU Dist'!$E$2:$X$200,'SKU Dist'!M$1,FALSE),"")) | T23: =IF(IF($AT23<>"",VLOOKUP(CONCATENATE($AT23,$AU23,$AV23,$F23),'SKU Dist'!$E$2:$X$200,'SKU Dist'!N$1,FALSE),"")=0,"",IF($AT23<>"",VLOOKUP(CONCATENATE($AT23,$AU23,$AV23,$F23),'SKU Dist'!$E$2:$X$200,'SKU Dist'!N$1,FALSE),"")) | U23: =IF(IF($AT23<>"",VLOOKUP(CONCATENATE($AT23,$AU23,$AV23,$F23),'SKU Dist'!$E$2:$X$200,'SKU Dist'!O$1,FALSE),"")=0,"",IF($AT23<>"",VLOOKUP(CONCATENATE($AT23,$AU23,$AV23,$F23),'SKU Dist'!$E$2:$X$200,'SKU Dist'!O$1,FALSE),"")) | V23: =IF(IF($AT23<>"",VLOOKUP(CONCATENATE($AT23,$AU23,$AV23,$F23),'SKU Dist'!$E$2:$X$200,'SKU Dist'!P$1,FALSE),"")=0,"",IF($AT23<>"",VLOOKUP(CONCATENATE($AT23,$AU23,$AV23,$F23),'SKU Dist'!$E$2:$X$200,'SKU Dist'!P$1,FALSE),"")) | W23: =IF(IF($AT23<>"",VLOOKUP(CONCATENATE($AT23,$AU23,$AV23,$F23),'SKU Dist'!$E$2:$X$200,'SKU Dist'!Q$1,FALSE),"")=0,"",IF($AT23<>"",VLOOKUP(CONCATENATE($AT23,$AU23,$AV23,$F23),'SKU Dist'!$E$2:$X$200,'SKU Dist'!Q$1,FALSE),"")) | X23: =IF(IF($AT23<>"",VLOOKUP(CONCATENATE($AT23,$AU23,$AV23,$F23),'SKU Dist'!$E$2:$X$200,'SKU Dist'!R$1,FALSE),"")=0,"",IF($AT23<>"",VLOOKUP(CONCATENATE($AT23,$AU23,$AV23,$F23),'SKU Dist'!$E$2:$X$200,'SKU Dist'!R$1,FALSE),"")) | Y23: =IF(IF($AT23<>"",VLOOKUP(CONCATENATE($AT23,$AU23,$AV23,$F23),'SKU Dist'!$E$2:$X$200,'SKU Dist'!S$1,FALSE),"")=0,"",IF($AT23<>"",VLOOKUP(CONCATENATE($AT23,$AU23,$AV23,$F23),'SKU Dist'!$E$2:$X$200,'SKU Dist'!S$1,FALSE),"")) | ... AB23: =IF(IF($AT23<>"",VLOOKUP(CONCATENATE($AT23,$AU23,$AV23,$F23),'SKU Dist'!$E$2:$X$200,'SKU Dist'!V$1,FALSE),"")=0,"",IF($AT23<>"",VLOOKUP(CONCATENATE($AT23,$AU23,$AV23,$F23),'SKU Dist'!$E$2:$X$200,'SKU Dist'!V$1,FALSE),"")) | AG23: =SUM(G23:AF23) -> 0 | AH23: 157.5 | AI23: =AG23*AH23 -> 0 | AT23: =IF(E23=E17,AT17,IF(B23="","",B23)) | AU23: RWBR | AV23: M
A24: =SUM(AI21:AI23) -> 0 | AT24: =IF(E24=E21,AT21,IF(B24="","",B24)) | AU24: RWBR | AV24: M
A25: RED WING | C25: VNR | D25: 081526 | E25: 3740 | F25: D | N25: =IF(IF($AT25<>"",VLOOKUP(CONCATENATE($AT25,$AU25,$AV25,$F25),'SKU Dist'!$E$2:$X$200,'SKU Dist'!H$1,FALSE),"")=0,"",IF($AT25<>"",VLOOKUP(CONCATENATE($AT25,$AU25,$AV25,$F25),'SKU Dist'!$E$2:$X$200,'SKU Dist'!H$1,FALSE),"")) | O25: =IF(IF($AT25<>"",VLOOKUP(CONCATENATE($AT25,$AU25,$AV25,$F25),'SKU Dist'!$E$2:$X$200,'SKU Dist'!I$1,FALSE),"")=0,"",IF($AT25<>"",VLOOKUP(CONCATENATE($AT25,$AU25,$AV25,$F25),'SKU Dist'!$E$2:$X$200,'SKU Dist'!I$1,FALSE),"")) | P25: =IF(IF($AT25<>"",VLOOKUP(CONCATENATE($AT25,$AU25,$AV25,$F25),'SKU Dist'!$E$2:$X$200,'SKU Dist'!J$1,FALSE),"")=0,"",IF($AT25<>"",VLOOKUP(CONCATENATE($AT25,$AU25,$AV25,$F25),'SKU Dist'!$E$2:$X$200,'SKU Dist'!J$1,FALSE),"")) | Q25: =IF(IF($AT25<>"",VLOOKUP(CONCATENATE($AT25,$AU25,$AV25,$F25),'SKU Dist'!$E$2:$X$200,'SKU Dist'!K$1,FALSE),"")=0,"",IF($AT25<>"",VLOOKUP(CONCATENATE($AT25,$AU25,$AV25,$F25),'SKU Dist'!$E$2:$X$200,'SKU Dist'!K$1,FALSE),"")) | R25: =IF(IF($AT25<>"",VLOOKUP(CONCATENATE($AT25,$AU25,$AV25,$F25),'SKU Dist'!$E$2:$X$200,'SKU Dist'!L$1,FALSE),"")=0,"",IF($AT25<>"",VLOOKUP(CONCATENATE($AT25,$AU25,$AV25,$F25),'SKU Dist'!$E$2:$X$200,'SKU Dist'!L$1,FALSE),"")) | S25: 1 | T25: 1 | U25: 2 | V25: 2 | W25: 2 | X25: 2 | Y25: 1 | Z25: 2 | AA25: =IF(IF($AT25<>"",VLOOKUP(CONCATENATE($AT25,$AU25,$AV25,$F25),'SKU Dist'!$E$2:$X$200,'SKU Dist'!U$1,FALSE),"")=0,"",IF($AT25<>"",VLOOKUP(CONCATENATE($AT25,$AU25,$AV25,$F25),'SKU Dist'!$E$2:$X$200,'SKU Dist'!U$1,FALSE),"")) | AB25: =IF(IF($AT25<>"",VLOOKUP(CONCATENATE($AT25,$AU25,$AV25,$F25),'SKU Dist'!$E$2:$X$200,'SKU Dist'!V$1,FALSE),"")=0,"",IF($AT25<>"",VLOOKUP(CONCATENATE($AT25,$AU25,$AV25,$F25),'SKU Dist'!$E$2:$X$200,'SKU Dist'!V$1,FALSE),"")) | AC25: =IF(IF($AT25<>"",VLOOKUP(CONCATENATE($AT25,$AU25,$AV25,$F25),'SKU Dist'!$E$2:$X$200,'SKU Dist'!W$1,FALSE),"")=0,"",IF($AT25<>"",VLOOKUP(CONCATENATE($AT25,$AU25,$AV25,$F25),'SKU Dist'!$E$2:$X$200,'SKU Dist'!W$1,FALSE),"")) | AG25: =SUM(G25:AF25) -> 13 | AH25: 145 | AI25: =AG25*AH25 -> 1885 | AT25: =IF(E25=E22,AT22,IF(B25="","",B25)) | AU25: RWBR | AV25: M
A26: IronFlex | C26: VNR | D26: 081526 | E26: 3740 | F26: E2 | N26: =IF(IF($AT26<>"",VLOOKUP(CONCATENATE($AT26,$AU26,$AV26,$F26),'SKU Dist'!$E$2:$X$200,'SKU Dist'!H$1,FALSE),"")=0,"",IF($AT26<>"",VLOOKUP(CONCATENATE($AT26,$AU26,$AV26,$F26),'SKU Dist'!$E$2:$X$200,'SKU Dist'!H$1,FALSE),"")) | O26: =IF(IF($AT26<>"",VLOOKUP(CONCATENATE($AT26,$AU26,$AV26,$F26),'SKU Dist'!$E$2:$X$200,'SKU Dist'!I$1,FALSE),"")=0,"",IF($AT26<>"",VLOOKUP(CONCATENATE($AT26,$AU26,$AV26,$F26),'SKU Dist'!$E$2:$X$200,'SKU Dist'!I$1,FALSE),"")) | P26: =IF(IF($AT26<>"",VLOOKUP(CONCATENATE($AT26,$AU26,$AV26,$F26),'SKU Dist'!$E$2:$X$200,'SKU Dist'!J$1,FALSE),"")=0,"",IF($AT26<>"",VLOOKUP(CONCATENATE($AT26,$AU26,$AV26,$F26),'SKU Dist'!$E$2:$X$200,'SKU Dist'!J$1,FALSE),"")) | Q26: =IF(IF($AT26<>"",VLOOKUP(CONCATENATE($AT26,$AU26,$AV26,$F26),'SKU Dist'!$E$2:$X$200,'SKU Dist'!K$1,FALSE),"")=0,"",IF($AT26<>"",VLOOKUP(CONCATENATE($AT26,$AU26,$AV26,$F26),'SKU Dist'!$E$2:$X$200,'SKU Dist'!K$1,FALSE),"")) | R26: =IF(IF($AT26<>"",VLOOKUP(CONCATENATE($AT26,$AU26,$AV26,$F26),'SKU Dist'!$E$2:$X$200,'SKU Dist'!L$1,FALSE),"")=0,"",IF($AT26<>"",VLOOKUP(CONCATENATE($AT26,$AU26,$AV26,$F26),'SKU Dist'!$E$2:$X$200,'SKU Dist'!L$1,FALSE),"")) | T26: 1 | U26: 1 | V26: 1 | W26: 1 | X26: 1 | Z26: 1 | AA26: =IF(IF($AT26<>"",VLOOKUP(CONCATENATE($AT26,$AU26,$AV26,$F26),'SKU Dist'!$E$2:$X$200,'SKU Dist'!U$1,FALSE),"")=0,"",IF($AT26<>"",VLOOKUP(CONCATENATE($AT26,$AU26,$AV26,$F26),'SKU Dist'!$E$2:$X$200,'SKU Dist'!U$1,FALSE),"")) | AB26: =IF(IF($AT26<>"",VLOOKUP(CONCATENATE($AT26,$AU26,$AV26,$F26),'SKU Dist'!$E$2:$X$200,'SKU Dist'!V$1,FALSE),"")=0,"",IF($AT26<>"",VLOOKUP(CONCATENATE($AT26,$AU26,$AV26,$F26),'SKU Dist'!$E$2:$X$200,'SKU Dist'!V$1,FALSE),"")) | AC26: =IF(IF($AT26<>"",VLOOKUP(CONCATENATE($AT26,$AU26,$AV26,$F26),'SKU Dist'!$E$2:$X$200,'SKU Dist'!W$1,FALSE),"")=0,"",IF($AT26<>"",VLOOKUP(CONCATENATE($AT26,$AU26,$AV26,$F26),'SKU Dist'!$E$2:$X$200,'SKU Dist'!W$1,FALSE),"")) | AG26: =SUM(G26:AF26) -> 6 | AH26: 145 | AI26: =AG26*AH26 -> 870 | AT26: =IF(E26=E23,AT23,IF(B26="","",B26)) | AU26: RWBR | AV26: M
A27: =SUM(AG25:AG30) -> 19 | C27: VNR | D27: 081526 | E27: 3740 | F27: H | R27: =IF(IF($AT27<>"",VLOOKUP(CONCATENATE($AT27,$AU27,$AV27,$F27),'SKU Dist'!$E$2:$X$200,'SKU Dist'!L$1,FALSE),"")=0,"",IF($AT27<>"",VLOOKUP(CONCATENATE($AT27,$AU27,$AV27,$F27),'SKU Dist'!$E$2:$X$200,'SKU Dist'!L$1,FALSE),"")) | S27: =IF(IF($AT27<>"",VLOOKUP(CONCATENATE($AT27,$AU27,$AV27,$F27),'SKU Dist'!$E$2:$X$200,'SKU Dist'!M$1,FALSE),"")=0,"",IF($AT27<>"",VLOOKUP(CONCATENATE($AT27,$AU27,$AV27,$F27),'SKU Dist'!$E$2:$X$200,'SKU Dist'!M$1,FALSE),"")) | T27: =IF(IF($AT27<>"",VLOOKUP(CONCATENATE($AT27,$AU27,$AV27,$F27),'SKU Dist'!$E$2:$X$200,'SKU Dist'!N$1,FALSE),"")=0,"",IF($AT27<>"",VLOOKUP(CONCATENATE($AT27,$AU27,$AV27,$F27),'SKU Dist'!$E$2:$X$200,'SKU Dist'!N$1,FALSE),"")) | U27: =IF(IF($AT27<>"",VLOOKUP(CONCATENATE($AT27,$AU27,$AV27,$F27),'SKU Dist'!$E$2:$X$200,'SKU Dist'!O$1,FALSE),"")=0,"",IF($AT27<>"",VLOOKUP(CONCATENATE($AT27,$AU27,$AV27,$F27),'SKU Dist'!$E$2:$X$200,'SKU Dist'!O$1,FALSE),"")) | V27: =IF(IF($AT27<>"",VLOOKUP(CONCATENATE($AT27,$AU27,$AV27,$F27),'SKU Dist'!$E$2:$X$200,'SKU Dist'!P$1,FALSE),"")=0,"",IF($AT27<>"",VLOOKUP(CONCATENATE($AT27,$AU27,$AV27,$F27),'SKU Dist'!$E$2:$X$200,'SKU Dist'!P$1,FALSE),"")) | W27: =IF(IF($AT27<>"",VLOOKUP(CONCATENATE($AT27,$AU27,$AV27,$F27),'SKU Dist'!$E$2:$X$200,'SKU Dist'!Q$1,FALSE),"")=0,"",IF($AT27<>"",VLOOKUP(CONCATENATE($AT27,$AU27,$AV27,$F27),'SKU Dist'!$E$2:$X$200,'SKU Dist'!Q$1,FALSE),"")) | X27: =IF(IF($AT27<>"",VLOOKUP(CONCATENATE($AT27,$AU27,$AV27,$F27),'SKU Dist'!$E$2:$X$200,'SKU Dist'!R$1,FALSE),"")=0,"",IF($AT27<>"",VLOOKUP(CONCATENATE($AT27,$AU27,$AV27,$F27),'SKU Dist'!$E$2:$X$200,'SKU Dist'!R$1,FALSE),"")) | Y27: =IF(IF($AT27<>"",VLOOKUP(CONCATENATE($AT27,$AU27,$AV27,$F27),'SKU Dist'!$E$2:$X$200,'SKU Dist'!S$1,FALSE),"")=0,"",IF($AT27<>"",VLOOKUP(CONCATENATE($AT27,$AU27,$AV27,$F27),'SKU Dist'!$E$2:$X$200,'SKU Dist'!S$1,FALSE),"")) | ... AB27: =IF(IF($AT27<>"",VLOOKUP(CONCATENATE($AT27,$AU27,$AV27,$F27),'SKU Dist'!$E$2:$X$200,'SKU Dist'!V$1,FALSE),"")=0,"",IF($AT27<>"",VLOOKUP(CONCATENATE($AT27,$AU27,$AV27,$F27),'SKU Dist'!$E$2:$X$200,'SKU Dist'!V$1,FALSE),"")) | AG27: =SUM(G27:AF27) -> 0 | AH27: 145 | AI27: =AG27*AH27 -> 0 | AT27: =IF(E27=E26,AT26,IF(B27="","",B27)) | AU27: RWBR | AV27: M
A28: =SUM(AI25:AI30) -> 2755 | C28: VNR | D28: 081526 | E28: 3741 | F28: D | N28: =IF(IF($AT28<>"",VLOOKUP(CONCATENATE($AT28,$AU28,$AV28,$F28),'SKU Dist'!$E$2:$X$200,'SKU Dist'!H$1,FALSE),"")=0,"",IF($AT28<>"",VLOOKUP(CONCATENATE($AT28,$AU28,$AV28,$F28),'SKU Dist'!$E$2:$X$200,'SKU Dist'!H$1,FALSE),"")) | O28: =IF(IF($AT28<>"",VLOOKUP(CONCATENATE($AT28,$AU28,$AV28,$F28),'SKU Dist'!$E$2:$X$200,'SKU Dist'!I$1,FALSE),"")=0,"",IF($AT28<>"",VLOOKUP(CONCATENATE($AT28,$AU28,$AV28,$F28),'SKU Dist'!$E$2:$X$200,'SKU Dist'!I$1,FALSE),"")) | P28: =IF(IF($AT28<>"",VLOOKUP(CONCATENATE($AT28,$AU28,$AV28,$F28),'SKU Dist'!$E$2:$X$200,'SKU Dist'!J$1,FALSE),"")=0,"",IF($AT28<>"",VLOOKUP(CONCATENATE($AT28,$AU28,$AV28,$F28),'SKU Dist'!$E$2:$X$200,'SKU Dist'!J$1,FALSE),"")) | Q28: =IF(IF($AT28<>"",VLOOKUP(CONCATENATE($AT28,$AU28,$AV28,$F28),'SKU Dist'!$E$2:$X$200,'SKU Dist'!K$1,FALSE),"")=0,"",IF($AT28<>"",VLOOKUP(CONCATENATE($AT28,$AU28,$AV28,$F28),'SKU Dist'!$E$2:$X$200,'SKU Dist'!K$1,FALSE),"")) | R28: =IF(IF($AT28<>"",VLOOKUP(CONCATENATE($AT28,$AU28,$AV28,$F28),'SKU Dist'!$E$2:$X$200,'SKU Dist'!L$1,FALSE),"")=0,"",IF($AT28<>"",VLOOKUP(CONCATENATE($AT28,$AU28,$AV28,$F28),'SKU Dist'!$E$2:$X$200,'SKU Dist'!L$1,FALSE),"")) | S28: =IF(IF($AT28<>"",VLOOKUP(CONCATENATE($AT28,$AU28,$AV28,$F28),'SKU Dist'!$E$2:$X$200,'SKU Dist'!M$1,FALSE),"")=0,"",IF($AT28<>"",VLOOKUP(CONCATENATE($AT28,$AU28,$AV28,$F28),'SKU Dist'!$E$2:$X$200,'SKU Dist'!M$1,FALSE),"")) | T28: =IF(IF($AT28<>"",VLOOKUP(CONCATENATE($AT28,$AU28,$AV28,$F28),'SKU Dist'!$E$2:$X$200,'SKU Dist'!N$1,FALSE),"")=0,"",IF($AT28<>"",VLOOKUP(CONCATENATE($AT28,$AU28,$AV28,$F28),'SKU Dist'!$E$2:$X$200,'SKU Dist'!N$1,FALSE),"")) | U28: =IF(IF($AT28<>"",VLOOKUP(CONCATENATE($AT28,$AU28,$AV28,$F28),'SKU Dist'!$E$2:$X$200,'SKU Dist'!O$1,FALSE),"")=0,"",IF($AT28<>"",VLOOKUP(CONCATENATE($AT28,$AU28,$AV28,$F28),'SKU Dist'!$E$2:$X$200,'SKU Dist'!O$1,FALSE),"")) | ... AC28: =IF(IF($AT28<>"",VLOOKUP(CONCATENATE($AT28,$AU28,$AV28,$F28),'SKU Dist'!$E$2:$X$200,'SKU Dist'!W$1,FALSE),"")=0,"",IF($AT28<>"",VLOOKUP(CONCATENATE($AT28,$AU28,$AV28,$F28),'SKU Dist'!$E$2:$X$200,'SKU Dist'!W$1,FALSE),"")) | AG28: =SUM(G28:AF28) -> 0 | AH28: 130 | AI28: =AG28*AH28 -> 0 | AT28: =IF(E28=E27,AT27,IF(B28="","",B28)) | AU28: RWBR | AV28: M
C29: VNR | D29: 081526 | E29: 3741 | F29: E2 | N29: =IF(IF($AT29<>"",VLOOKUP(CONCATENATE($AT29,$AU29,$AV29,$F29),'SKU Dist'!$E$2:$X$200,'SKU Dist'!H$1,FALSE),"")=0,"",IF($AT29<>"",VLOOKUP(CONCATENATE($AT29,$AU29,$AV29,$F29),'SKU Dist'!$E$2:$X$200,'SKU Dist'!H$1,FALSE),"")) | O29: =IF(IF($AT29<>"",VLOOKUP(CONCATENATE($AT29,$AU29,$AV29,$F29),'SKU Dist'!$E$2:$X$200,'SKU Dist'!I$1,FALSE),"")=0,"",IF($AT29<>"",VLOOKUP(CONCATENATE($AT29,$AU29,$AV29,$F29),'SKU Dist'!$E$2:$X$200,'SKU Dist'!I$1,FALSE),"")) | P29: =IF(IF($AT29<>"",VLOOKUP(CONCATENATE($AT29,$AU29,$AV29,$F29),'SKU Dist'!$E$2:$X$200,'SKU Dist'!J$1,FALSE),"")=0,"",IF($AT29<>"",VLOOKUP(CONCATENATE($AT29,$AU29,$AV29,$F29),'SKU Dist'!$E$2:$X$200,'SKU Dist'!J$1,FALSE),"")) | Q29: =IF(IF($AT29<>"",VLOOKUP(CONCATENATE($AT29,$AU29,$AV29,$F29),'SKU Dist'!$E$2:$X$200,'SKU Dist'!K$1,FALSE),"")=0,"",IF($AT29<>"",VLOOKUP(CONCATENATE($AT29,$AU29,$AV29,$F29),'SKU Dist'!$E$2:$X$200,'SKU Dist'!K$1,FALSE),"")) | R29: =IF(IF($AT29<>"",VLOOKUP(CONCATENATE($AT29,$AU29,$AV29,$F29),'SKU Dist'!$E$2:$X$200,'SKU Dist'!L$1,FALSE),"")=0,"",IF($AT29<>"",VLOOKUP(CONCATENATE($AT29,$AU29,$AV29,$F29),'SKU Dist'!$E$2:$X$200,'SKU Dist'!L$1,FALSE),"")) | S29: =IF(IF($AT29<>"",VLOOKUP(CONCATENATE($AT29,$AU29,$AV29,$F29),'SKU Dist'!$E$2:$X$200,'SKU Dist'!M$1,FALSE),"")=0,"",IF($AT29<>"",VLOOKUP(CONCATENATE($AT29,$AU29,$AV29,$F29),'SKU Dist'!$E$2:$X$200,'SKU Dist'!M$1,FALSE),"")) | T29: =IF(IF($AT29<>"",VLOOKUP(CONCATENATE($AT29,$AU29,$AV29,$F29),'SKU Dist'!$E$2:$X$200,'SKU Dist'!N$1,FALSE),"")=0,"",IF($AT29<>"",VLOOKUP(CONCATENATE($AT29,$AU29,$AV29,$F29),'SKU Dist'!$E$2:$X$200,'SKU Dist'!N$1,FALSE),"")) | U29: =IF(IF($AT29<>"",VLOOKUP(CONCATENATE($AT29,$AU29,$AV29,$F29),'SKU Dist'!$E$2:$X$200,'SKU Dist'!O$1,FALSE),"")=0,"",IF($AT29<>"",VLOOKUP(CONCATENATE($AT29,$AU29,$AV29,$F29),'SKU Dist'!$E$2:$X$200,'SKU Dist'!O$1,FALSE),"")) | ... AC29: =IF(IF($AT29<>"",VLOOKUP(CONCATENATE($AT29,$AU29,$AV29,$F29),'SKU Dist'!$E$2:$X$200,'SKU Dist'!W$1,FALSE),"")=0,"",IF($AT29<>"",VLOOKUP(CONCATENATE($AT29,$AU29,$AV29,$F29),'SKU Dist'!$E$2:$X$200,'SKU Dist'!W$1,FALSE),"")) | AG29: =SUM(G29:AF29) -> 0 | AH29: 130 | AI29: =AG29*AH29 -> 0 | AT29: =IF(E29=E28,AT28,IF(B29="","",B29)) | AU29: RWBR | AV29: M
C30: VNR | D30: 081526 | E30: 3741 | F30: H | R30: =IF(IF($AT30<>"",VLOOKUP(CONCATENATE($AT30,$AU30,$AV30,$F30),'SKU Dist'!$E$2:$X$200,'SKU Dist'!L$1,FALSE),"")=0,"",IF($AT30<>"",VLOOKUP(CONCATENATE($AT30,$AU30,$AV30,$F30),'SKU Dist'!$E$2:$X$200,'SKU Dist'!L$1,FALSE),"")) | S30: =IF(IF($AT30<>"",VLOOKUP(CONCATENATE($AT30,$AU30,$AV30,$F30),'SKU Dist'!$E$2:$X$200,'SKU Dist'!M$1,FALSE),"")=0,"",IF($AT30<>"",VLOOKUP(CONCATENATE($AT30,$AU30,$AV30,$F30),'SKU Dist'!$E$2:$X$200,'SKU Dist'!M$1,FALSE),"")) | T30: =IF(IF($AT30<>"",VLOOKUP(CONCATENATE($AT30,$AU30,$AV30,$F30),'SKU Dist'!$E$2:$X$200,'SKU Dist'!N$1,FALSE),"")=0,"",IF($AT30<>"",VLOOKUP(CONCATENATE($AT30,$AU30,$AV30,$F30),'SKU Dist'!$E$2:$X$200,'SKU Dist'!N$1,FALSE),"")) | U30: =IF(IF($AT30<>"",VLOOKUP(CONCATENATE($AT30,$AU30,$AV30,$F30),'SKU Dist'!$E$2:$X$200,'SKU Dist'!O$1,FALSE),"")=0,"",IF($AT30<>"",VLOOKUP(CONCATENATE($AT30,$AU30,$AV30,$F30),'SKU Dist'!$E$2:$X$200,'SKU Dist'!O$1,FALSE),"")) | V30: =IF(IF($AT30<>"",VLOOKUP(CONCATENATE($AT30,$AU30,$AV30,$F30),'SKU Dist'!$E$2:$X$200,'SKU Dist'!P$1,FALSE),"")=0,"",IF($AT30<>"",VLOOKUP(CONCATENATE($AT30,$AU30,$AV30,$F30),'SKU Dist'!$E$2:$X$200,'SKU Dist'!P$1,FALSE),"")) | W30: =IF(IF($AT30<>"",VLOOKUP(CONCATENATE($AT30,$AU30,$AV30,$F30),'SKU Dist'!$E$2:$X$200,'SKU Dist'!Q$1,FALSE),"")=0,"",IF($AT30<>"",VLOOKUP(CONCATENATE($AT30,$AU30,$AV30,$F30),'SKU Dist'!$E$2:$X$200,'SKU Dist'!Q$1,FALSE),"")) | X30: =IF(IF($AT30<>"",VLOOKUP(CONCATENATE($AT30,$AU30,$AV30,$F30),'SKU Dist'!$E$2:$X$200,'SKU Dist'!R$1,FALSE),"")=0,"",IF($AT30<>"",VLOOKUP(CONCATENATE($AT30,$AU30,$AV30,$F30),'SKU Dist'!$E$2:$X$200,'SKU Dist'!R$1,FALSE),"")) | Y30: =IF(IF($AT30<>"",VLOOKUP(CONCATENATE($AT30,$AU30,$AV30,$F30),'SKU Dist'!$E$2:$X$200,'SKU Dist'!S$1,FALSE),"")=0,"",IF($AT30<>"",VLOOKUP(CONCATENATE($AT30,$AU30,$AV30,$F30),'SKU Dist'!$E$2:$X$200,'SKU Dist'!S$1,FALSE),"")) | ... AB30: =IF(IF($AT30<>"",VLOOKUP(CONCATENATE($AT30,$AU30,$AV30,$F30),'SKU Dist'!$E$2:$X$200,'SKU Dist'!V$1,FALSE),"")=0,"",IF($AT30<>"",VLOOKUP(CONCATENATE($AT30,$AU30,$AV30,$F30),'SKU Dist'!$E$2:$X$200,'SKU Dist'!V$1,FALSE),"")) | AG30: =SUM(G30:AF30) -> 0 | AH30: 130 | AI30: =AG30*AH30 -> 0 | AT30: =IF(E30=E29,AT29,IF(B30="","",B30)) | AU30: RWBR | AV30: M
C31: VNR | D31: 081526 | E31: 3742 | F31: B | L31: =IF(IF($AT31<>"",VLOOKUP(CONCATENATE($AT31,$AU31,$AV31,$F31),'SKU Dist'!$E$2:$X$200,'SKU Dist'!F$1,FALSE),"")=0,"",IF($AT31<>"",VLOOKUP(CONCATENATE($AT31,$AU31,$AV31,$F31),'SKU Dist'!$E$2:$X$200,'SKU Dist'!F$1,FALSE),"")) | M31: =IF(IF($AT31<>"",VLOOKUP(CONCATENATE($AT31,$AU31,$AV31,$F31),'SKU Dist'!$E$2:$X$200,'SKU Dist'!G$1,FALSE),"")=0,"",IF($AT31<>"",VLOOKUP(CONCATENATE($AT31,$AU31,$AV31,$F31),'SKU Dist'!$E$2:$X$200,'SKU Dist'!G$1,FALSE),"")) | N31: =IF(IF($AT31<>"",VLOOKUP(CONCATENATE($AT31,$AU31,$AV31,$F31),'SKU Dist'!$E$2:$X$200,'SKU Dist'!H$1,FALSE),"")=0,"",IF($AT31<>"",VLOOKUP(CONCATENATE($AT31,$AU31,$AV31,$F31),'SKU Dist'!$E$2:$X$200,'SKU Dist'!H$1,FALSE),"")) | O31: =IF(IF($AT31<>"",VLOOKUP(CONCATENATE($AT31,$AU31,$AV31,$F31),'SKU Dist'!$E$2:$X$200,'SKU Dist'!I$1,FALSE),"")=0,"",IF($AT31<>"",VLOOKUP(CONCATENATE($AT31,$AU31,$AV31,$F31),'SKU Dist'!$E$2:$X$200,'SKU Dist'!I$1,FALSE),"")) | P31: =IF(IF($AT31<>"",VLOOKUP(CONCATENATE($AT31,$AU31,$AV31,$F31),'SKU Dist'!$E$2:$X$200,'SKU Dist'!J$1,FALSE),"")=0,"",IF($AT31<>"",VLOOKUP(CONCATENATE($AT31,$AU31,$AV31,$F31),'SKU Dist'!$E$2:$X$200,'SKU Dist'!J$1,FALSE),"")) | Q31: =IF(IF($AT31<>"",VLOOKUP(CONCATENATE($AT31,$AU31,$AV31,$F31),'SKU Dist'!$E$2:$X$200,'SKU Dist'!K$1,FALSE),"")=0,"",IF($AT31<>"",VLOOKUP(CONCATENATE($AT31,$AU31,$AV31,$F31),'SKU Dist'!$E$2:$X$200,'SKU Dist'!K$1,FALSE),"")) | R31: =IF(IF($AT31<>"",VLOOKUP(CONCATENATE($AT31,$AU31,$AV31,$F31),'SKU Dist'!$E$2:$X$200,'SKU Dist'!L$1,FALSE),"")=0,"",IF($AT31<>"",VLOOKUP(CONCATENATE($AT31,$AU31,$AV31,$F31),'SKU Dist'!$E$2:$X$200,'SKU Dist'!L$1,FALSE),"")) | S31: =IF(IF($AT31<>"",VLOOKUP(CONCATENATE($AT31,$AU31,$AV31,$F31),'SKU Dist'!$E$2:$X$200,'SKU Dist'!M$1,FALSE),"")=0,"",IF($AT31<>"",VLOOKUP(CONCATENATE($AT31,$AU31,$AV31,$F31),'SKU Dist'!$E$2:$X$200,'SKU Dist'!M$1,FALSE),"")) | ... AA31: =IF(IF($AT31<>"",VLOOKUP(CONCATENATE($AT31,$AU31,$AV31,$F31),'SKU Dist'!$E$2:$X$200,'SKU Dist'!U$1,FALSE),"")=0,"",IF($AT31<>"",VLOOKUP(CONCATENATE($AT31,$AU31,$AV31,$F31),'SKU Dist'!$E$2:$X$200,'SKU Dist'!U$1,FALSE),"")) | AG31: =SUM(G31:AF31) -> 0 | AH31: 145 | AI31: =AG31*AH31 -> 0 | AU31: RWBR | AV31: W
C32: VNR | D32: 081526 | E32: 3742 | F32: D | L32: =IF(IF($AT32<>"",VLOOKUP(CONCATENATE($AT32,$AU32,$AV32,$F32),'SKU Dist'!$E$2:$X$200,'SKU Dist'!F$1,FALSE),"")=0,"",IF($AT32<>"",VLOOKUP(CONCATENATE($AT32,$AU32,$AV32,$F32),'SKU Dist'!$E$2:$X$200,'SKU Dist'!F$1,FALSE),"")) | M32: =IF(IF($AT32<>"",VLOOKUP(CONCATENATE($AT32,$AU32,$AV32,$F32),'SKU Dist'!$E$2:$X$200,'SKU Dist'!G$1,FALSE),"")=0,"",IF($AT32<>"",VLOOKUP(CONCATENATE($AT32,$AU32,$AV32,$F32),'SKU Dist'!$E$2:$X$200,'SKU Dist'!G$1,FALSE),"")) | N32: =IF(IF($AT32<>"",VLOOKUP(CONCATENATE($AT32,$AU32,$AV32,$F32),'SKU Dist'!$E$2:$X$200,'SKU Dist'!H$1,FALSE),"")=0,"",IF($AT32<>"",VLOOKUP(CONCATENATE($AT32,$AU32,$AV32,$F32),'SKU Dist'!$E$2:$X$200,'SKU Dist'!H$1,FALSE),"")) | O32: =IF(IF($AT32<>"",VLOOKUP(CONCATENATE($AT32,$AU32,$AV32,$F32),'SKU Dist'!$E$2:$X$200,'SKU Dist'!I$1,FALSE),"")=0,"",IF($AT32<>"",VLOOKUP(CONCATENATE($AT32,$AU32,$AV32,$F32),'SKU Dist'!$E$2:$X$200,'SKU Dist'!I$1,FALSE),"")) | P32: =IF(IF($AT32<>"",VLOOKUP(CONCATENATE($AT32,$AU32,$AV32,$F32),'SKU Dist'!$E$2:$X$200,'SKU Dist'!J$1,FALSE),"")=0,"",IF($AT32<>"",VLOOKUP(CONCATENATE($AT32,$AU32,$AV32,$F32),'SKU Dist'!$E$2:$X$200,'SKU Dist'!J$1,FALSE),"")) | Q32: =IF(IF($AT32<>"",VLOOKUP(CONCATENATE($AT32,$AU32,$AV32,$F32),'SKU Dist'!$E$2:$X$200,'SKU Dist'!K$1,FALSE),"")=0,"",IF($AT32<>"",VLOOKUP(CONCATENATE($AT32,$AU32,$AV32,$F32),'SKU Dist'!$E$2:$X$200,'SKU Dist'!K$1,FALSE),"")) | R32: =IF(IF($AT32<>"",VLOOKUP(CONCATENATE($AT32,$AU32,$AV32,$F32),'SKU Dist'!$E$2:$X$200,'SKU Dist'!L$1,FALSE),"")=0,"",IF($AT32<>"",VLOOKUP(CONCATENATE($AT32,$AU32,$AV32,$F32),'SKU Dist'!$E$2:$X$200,'SKU Dist'!L$1,FALSE),"")) | S32: =IF(IF($AT32<>"",VLOOKUP(CONCATENATE($AT32,$AU32,$AV32,$F32),'SKU Dist'!$E$2:$X$200,'SKU Dist'!M$1,FALSE),"")=0,"",IF($AT32<>"",VLOOKUP(CONCATENATE($AT32,$AU32,$AV32,$F32),'SKU Dist'!$E$2:$X$200,'SKU Dist'!M$1,FALSE),"")) | ... AA32: =IF(IF($AT32<>"",VLOOKUP(CONCATENATE($AT32,$AU32,$AV32,$F32),'SKU Dist'!$E$2:$X$200,'SKU Dist'!U$1,FALSE),"")=0,"",IF($AT32<>"",VLOOKUP(CONCATENATE($AT32,$AU32,$AV32,$F32),'SKU Dist'!$E$2:$X$200,'SKU Dist'!U$1,FALSE),"")) | AG32: =SUM(G32:AF32) -> 0 | AH32: 145 | AI32: =AG32*AH32 -> 0 | AU32: RWBR | AV32: W
A33: RED WING | C33: UNF | D33: 091526 | E33: 1720 | F33: B | V33: =IF(IF($AT33<>"",VLOOKUP(CONCATENATE($AT33,$AU33,$AV33,$F33),'SKU Dist'!$E$2:$X$200,'SKU Dist'!P$1,FALSE),"")=0,"",IF($AT33<>"",VLOOKUP(CONCATENATE($AT33,$AU33,$AV33,$F33),'SKU Dist'!$E$2:$X$200,'SKU Dist'!P$1,FALSE),"")) | W33: =IF(IF($AT33<>"",VLOOKUP(CONCATENATE($AT33,$AU33,$AV33,$F33),'SKU Dist'!$E$2:$X$200,'SKU Dist'!Q$1,FALSE),"")=0,"",IF($AT33<>"",VLOOKUP(CONCATENATE($AT33,$AU33,$AV33,$F33),'SKU Dist'!$E$2:$X$200,'SKU Dist'!Q$1,FALSE),"")) | X33: =IF(IF($AT33<>"",VLOOKUP(CONCATENATE($AT33,$AU33,$AV33,$F33),'SKU Dist'!$E$2:$X$200,'SKU Dist'!R$1,FALSE),"")=0,"",IF($AT33<>"",VLOOKUP(CONCATENATE($AT33,$AU33,$AV33,$F33),'SKU Dist'!$E$2:$X$200,'SKU Dist'!R$1,FALSE),"")) | Y33: =IF(IF($AT33<>"",VLOOKUP(CONCATENATE($AT33,$AU33,$AV33,$F33),'SKU Dist'!$E$2:$X$200,'SKU Dist'!S$1,FALSE),"")=0,"",IF($AT33<>"",VLOOKUP(CONCATENATE($AT33,$AU33,$AV33,$F33),'SKU Dist'!$E$2:$X$200,'SKU Dist'!S$1,FALSE),"")) | Z33: =IF(IF($AT33<>"",VLOOKUP(CONCATENATE($AT33,$AU33,$AV33,$F33),'SKU Dist'!$E$2:$X$200,'SKU Dist'!T$1,FALSE),"")=0,"",IF($AT33<>"",VLOOKUP(CONCATENATE($AT33,$AU33,$AV33,$F33),'SKU Dist'!$E$2:$X$200,'SKU Dist'!T$1,FALSE),"")) | AA33: =IF(IF($AT33<>"",VLOOKUP(CONCATENATE($AT33,$AU33,$AV33,$F33),'SKU Dist'!$E$2:$X$200,'SKU Dist'!U$1,FALSE),"")=0,"",IF($AT33<>"",VLOOKUP(CONCATENATE($AT33,$AU33,$AV33,$F33),'SKU Dist'!$E$2:$X$200,'SKU Dist'!U$1,FALSE),"")) | AB33: =IF(IF($AT33<>"",VLOOKUP(CONCATENATE($AT33,$AU33,$AV33,$F33),'SKU Dist'!$E$2:$X$200,'SKU Dist'!V$1,FALSE),"")=0,"",IF($AT33<>"",VLOOKUP(CONCATENATE($AT33,$AU33,$AV33,$F33),'SKU Dist'!$E$2:$X$200,'SKU Dist'!V$1,FALSE),"")) | AG33: =SUM(G33:AF33) -> 0 | AH33: 135 | AI33: =AG33*AH33 -> 0 | AT33: =IF(E33=E30,AT30,IF(B33="","",B33)) | AU33: RWBR | AV33: M
A34: Construct | C34: UNF | D34: 091526 | E34: 1720 | F34: D | N34: =IF(IF($AT34<>"",VLOOKUP(CONCATENATE($AT34,$AU34,$AV34,$F34),'SKU Dist'!$E$2:$X$200,'SKU Dist'!H$1,FALSE),"")=0,"",IF($AT34<>"",VLOOKUP(CONCATENATE($AT34,$AU34,$AV34,$F34),'SKU Dist'!$E$2:$X$200,'SKU Dist'!H$1,FALSE),"")) | O34: =IF(IF($AT34<>"",VLOOKUP(CONCATENATE($AT34,$AU34,$AV34,$F34),'SKU Dist'!$E$2:$X$200,'SKU Dist'!I$1,FALSE),"")=0,"",IF($AT34<>"",VLOOKUP(CONCATENATE($AT34,$AU34,$AV34,$F34),'SKU Dist'!$E$2:$X$200,'SKU Dist'!I$1,FALSE),"")) | P34: =IF(IF($AT34<>"",VLOOKUP(CONCATENATE($AT34,$AU34,$AV34,$F34),'SKU Dist'!$E$2:$X$200,'SKU Dist'!J$1,FALSE),"")=0,"",IF($AT34<>"",VLOOKUP(CONCATENATE($AT34,$AU34,$AV34,$F34),'SKU Dist'!$E$2:$X$200,'SKU Dist'!J$1,FALSE),"")) | Q34: =IF(IF($AT34<>"",VLOOKUP(CONCATENATE($AT34,$AU34,$AV34,$F34),'SKU Dist'!$E$2:$X$200,'SKU Dist'!K$1,FALSE),"")=0,"",IF($AT34<>"",VLOOKUP(CONCATENATE($AT34,$AU34,$AV34,$F34),'SKU Dist'!$E$2:$X$200,'SKU Dist'!K$1,FALSE),"")) | R34: =IF(IF($AT34<>"",VLOOKUP(CONCATENATE($AT34,$AU34,$AV34,$F34),'SKU Dist'!$E$2:$X$200,'SKU Dist'!L$1,FALSE),"")=0,"",IF($AT34<>"",VLOOKUP(CONCATENATE($AT34,$AU34,$AV34,$F34),'SKU Dist'!$E$2:$X$200,'SKU Dist'!L$1,FALSE),"")) | S34: =IF(IF($AT34<>"",VLOOKUP(CONCATENATE($AT34,$AU34,$AV34,$F34),'SKU Dist'!$E$2:$X$200,'SKU Dist'!M$1,FALSE),"")=0,"",IF($AT34<>"",VLOOKUP(CONCATENATE($AT34,$AU34,$AV34,$F34),'SKU Dist'!$E$2:$X$200,'SKU Dist'!M$1,FALSE),"")) | T34: =IF(IF($AT34<>"",VLOOKUP(CONCATENATE($AT34,$AU34,$AV34,$F34),'SKU Dist'!$E$2:$X$200,'SKU Dist'!N$1,FALSE),"")=0,"",IF($AT34<>"",VLOOKUP(CONCATENATE($AT34,$AU34,$AV34,$F34),'SKU Dist'!$E$2:$X$200,'SKU Dist'!N$1,FALSE),"")) | U34: =IF(IF($AT34<>"",VLOOKUP(CONCATENATE($AT34,$AU34,$AV34,$F34),'SKU Dist'!$E$2:$X$200,'SKU Dist'!O$1,FALSE),"")=0,"",IF($AT34<>"",VLOOKUP(CONCATENATE($AT34,$AU34,$AV34,$F34),'SKU Dist'!$E$2:$X$200,'SKU Dist'!O$1,FALSE),"")) | ... AC34: =IF(IF($AT34<>"",VLOOKUP(CONCATENATE($AT34,$AU34,$AV34,$F34),'SKU Dist'!$E$2:$X$200,'SKU Dist'!W$1,FALSE),"")=0,"",IF($AT34<>"",VLOOKUP(CONCATENATE($AT34,$AU34,$AV34,$F34),'SKU Dist'!$E$2:$X$200,'SKU Dist'!W$1,FALSE),"")) | AG34: =SUM(G34:AF34) -> 0 | AH34: 135 | AI34: =AG34*AH34 -> 0 | AT34: =IF(E34=E33,AT33,IF(B34="","",B34)) | AU34: RWBR | AV34: M
A35: =SUM(AG33:AG44) -> 38 | C35: UNF | D35: 091526 | E35: 1720 | F35: E2 | N35: =IF(IF($AT35<>"",VLOOKUP(CONCATENATE($AT35,$AU35,$AV35,$F35),'SKU Dist'!$E$2:$X$200,'SKU Dist'!H$1,FALSE),"")=0,"",IF($AT35<>"",VLOOKUP(CONCATENATE($AT35,$AU35,$AV35,$F35),'SKU Dist'!$E$2:$X$200,'SKU Dist'!H$1,FALSE),"")) | O35: =IF(IF($AT35<>"",VLOOKUP(CONCATENATE($AT35,$AU35,$AV35,$F35),'SKU Dist'!$E$2:$X$200,'SKU Dist'!I$1,FALSE),"")=0,"",IF($AT35<>"",VLOOKUP(CONCATENATE($AT35,$AU35,$AV35,$F35),'SKU Dist'!$E$2:$X$200,'SKU Dist'!I$1,FALSE),"")) | P35: =IF(IF($AT35<>"",VLOOKUP(CONCATENATE($AT35,$AU35,$AV35,$F35),'SKU Dist'!$E$2:$X$200,'SKU Dist'!J$1,FALSE),"")=0,"",IF($AT35<>"",VLOOKUP(CONCATENATE($AT35,$AU35,$AV35,$F35),'SKU Dist'!$E$2:$X$200,'SKU Dist'!J$1,FALSE),"")) | Q35: =IF(IF($AT35<>"",VLOOKUP(CONCATENATE($AT35,$AU35,$AV35,$F35),'SKU Dist'!$E$2:$X$200,'SKU Dist'!K$1,FALSE),"")=0,"",IF($AT35<>"",VLOOKUP(CONCATENATE($AT35,$AU35,$AV35,$F35),'SKU Dist'!$E$2:$X$200,'SKU Dist'!K$1,FALSE),"")) | R35: =IF(IF($AT35<>"",VLOOKUP(CONCATENATE($AT35,$AU35,$AV35,$F35),'SKU Dist'!$E$2:$X$200,'SKU Dist'!L$1,FALSE),"")=0,"",IF($AT35<>"",VLOOKUP(CONCATENATE($AT35,$AU35,$AV35,$F35),'SKU Dist'!$E$2:$X$200,'SKU Dist'!L$1,FALSE),"")) | S35: =IF(IF($AT35<>"",VLOOKUP(CONCATENATE($AT35,$AU35,$AV35,$F35),'SKU Dist'!$E$2:$X$200,'SKU Dist'!M$1,FALSE),"")=0,"",IF($AT35<>"",VLOOKUP(CONCATENATE($AT35,$AU35,$AV35,$F35),'SKU Dist'!$E$2:$X$200,'SKU Dist'!M$1,FALSE),"")) | T35: =IF(IF($AT35<>"",VLOOKUP(CONCATENATE($AT35,$AU35,$AV35,$F35),'SKU Dist'!$E$2:$X$200,'SKU Dist'!N$1,FALSE),"")=0,"",IF($AT35<>"",VLOOKUP(CONCATENATE($AT35,$AU35,$AV35,$F35),'SKU Dist'!$E$2:$X$200,'SKU Dist'!N$1,FALSE),"")) | U35: =IF(IF($AT35<>"",VLOOKUP(CONCATENATE($AT35,$AU35,$AV35,$F35),'SKU Dist'!$E$2:$X$200,'SKU Dist'!O$1,FALSE),"")=0,"",IF($AT35<>"",VLOOKUP(CONCATENATE($AT35,$AU35,$AV35,$F35),'SKU Dist'!$E$2:$X$200,'SKU Dist'!O$1,FALSE),"")) | ... AC35: =IF(IF($AT35<>"",VLOOKUP(CONCATENATE($AT35,$AU35,$AV35,$F35),'SKU Dist'!$E$2:$X$200,'SKU Dist'!W$1,FALSE),"")=0,"",IF($AT35<>"",VLOOKUP(CONCATENATE($AT35,$AU35,$AV35,$F35),'SKU Dist'!$E$2:$X$200,'SKU Dist'!W$1,FALSE),"")) | AG35: =SUM(G35:AF35) -> 0 | AH35: 135 | AI35: =AG35*AH35 -> 0 | AT35: =IF(E35=E34,AT34,IF(B35="","",B35)) | AU35: RWBR | AV35: M
A36: =SUM(AI33:AI44) -> 5415 | C36: UNF | D36: 091526 | E36: 1720 | F36: H | R36: =IF(IF($AT36<>"",VLOOKUP(CONCATENATE($AT36,$AU36,$AV36,$F36),'SKU Dist'!$E$2:$X$200,'SKU Dist'!L$1,FALSE),"")=0,"",IF($AT36<>"",VLOOKUP(CONCATENATE($AT36,$AU36,$AV36,$F36),'SKU Dist'!$E$2:$X$200,'SKU Dist'!L$1,FALSE),"")) | S36: =IF(IF($AT36<>"",VLOOKUP(CONCATENATE($AT36,$AU36,$AV36,$F36),'SKU Dist'!$E$2:$X$200,'SKU Dist'!M$1,FALSE),"")=0,"",IF($AT36<>"",VLOOKUP(CONCATENATE($AT36,$AU36,$AV36,$F36),'SKU Dist'!$E$2:$X$200,'SKU Dist'!M$1,FALSE),"")) | T36: =IF(IF($AT36<>"",VLOOKUP(CONCATENATE($AT36,$AU36,$AV36,$F36),'SKU Dist'!$E$2:$X$200,'SKU Dist'!N$1,FALSE),"")=0,"",IF($AT36<>"",VLOOKUP(CONCATENATE($AT36,$AU36,$AV36,$F36),'SKU Dist'!$E$2:$X$200,'SKU Dist'!N$1,FALSE),"")) | U36: =IF(IF($AT36<>"",VLOOKUP(CONCATENATE($AT36,$AU36,$AV36,$F36),'SKU Dist'!$E$2:$X$200,'SKU Dist'!O$1,FALSE),"")=0,"",IF($AT36<>"",VLOOKUP(CONCATENATE($AT36,$AU36,$AV36,$F36),'SKU Dist'!$E$2:$X$200,'SKU Dist'!O$1,FALSE),"")) | V36: =IF(IF($AT36<>"",VLOOKUP(CONCATENATE($AT36,$AU36,$AV36,$F36),'SKU Dist'!$E$2:$X$200,'SKU Dist'!P$1,FALSE),"")=0,"",IF($AT36<>"",VLOOKUP(CONCATENATE($AT36,$AU36,$AV36,$F36),'SKU Dist'!$E$2:$X$200,'SKU Dist'!P$1,FALSE),"")) | W36: =IF(IF($AT36<>"",VLOOKUP(CONCATENATE($AT36,$AU36,$AV36,$F36),'SKU Dist'!$E$2:$X$200,'SKU Dist'!Q$1,FALSE),"")=0,"",IF($AT36<>"",VLOOKUP(CONCATENATE($AT36,$AU36,$AV36,$F36),'SKU Dist'!$E$2:$X$200,'SKU Dist'!Q$1,FALSE),"")) | X36: =IF(IF($AT36<>"",VLOOKUP(CONCATENATE($AT36,$AU36,$AV36,$F36),'SKU Dist'!$E$2:$X$200,'SKU Dist'!R$1,FALSE),"")=0,"",IF($AT36<>"",VLOOKUP(CONCATENATE($AT36,$AU36,$AV36,$F36),'SKU Dist'!$E$2:$X$200,'SKU Dist'!R$1,FALSE),"")) | Y36: =IF(IF($AT36<>"",VLOOKUP(CONCATENATE($AT36,$AU36,$AV36,$F36),'SKU Dist'!$E$2:$X$200,'SKU Dist'!S$1,FALSE),"")=0,"",IF($AT36<>"",VLOOKUP(CONCATENATE($AT36,$AU36,$AV36,$F36),'SKU Dist'!$E$2:$X$200,'SKU Dist'!S$1,FALSE),"")) | ... AB36: =IF(IF($AT36<>"",VLOOKUP(CONCATENATE($AT36,$AU36,$AV36,$F36),'SKU Dist'!$E$2:$X$200,'SKU Dist'!V$1,FALSE),"")=0,"",IF($AT36<>"",VLOOKUP(CONCATENATE($AT36,$AU36,$AV36,$F36),'SKU Dist'!$E$2:$X$200,'SKU Dist'!V$1,FALSE),"")) | AG36: =SUM(G36:AF36) -> 0 | AH36: 135 | AI36: =AG36*AH36 -> 0 | AU36: RWBR | AV36: M
C37: UNF | D37: 091526 | E37: 2668 | F37: B | V37: =IF(IF($AT37<>"",VLOOKUP(CONCATENATE($AT37,$AU37,$AV37,$F37),'SKU Dist'!$E$2:$X$200,'SKU Dist'!P$1,FALSE),"")=0,"",IF($AT37<>"",VLOOKUP(CONCATENATE($AT37,$AU37,$AV37,$F37),'SKU Dist'!$E$2:$X$200,'SKU Dist'!P$1,FALSE),"")) | W37: =IF(IF($AT37<>"",VLOOKUP(CONCATENATE($AT37,$AU37,$AV37,$F37),'SKU Dist'!$E$2:$X$200,'SKU Dist'!Q$1,FALSE),"")=0,"",IF($AT37<>"",VLOOKUP(CONCATENATE($AT37,$AU37,$AV37,$F37),'SKU Dist'!$E$2:$X$200,'SKU Dist'!Q$1,FALSE),"")) | X37: =IF(IF($AT37<>"",VLOOKUP(CONCATENATE($AT37,$AU37,$AV37,$F37),'SKU Dist'!$E$2:$X$200,'SKU Dist'!R$1,FALSE),"")=0,"",IF($AT37<>"",VLOOKUP(CONCATENATE($AT37,$AU37,$AV37,$F37),'SKU Dist'!$E$2:$X$200,'SKU Dist'!R$1,FALSE),"")) | Y37: =IF(IF($AT37<>"",VLOOKUP(CONCATENATE($AT37,$AU37,$AV37,$F37),'SKU Dist'!$E$2:$X$200,'SKU Dist'!S$1,FALSE),"")=0,"",IF($AT37<>"",VLOOKUP(CONCATENATE($AT37,$AU37,$AV37,$F37),'SKU Dist'!$E$2:$X$200,'SKU Dist'!S$1,FALSE),"")) | Z37: =IF(IF($AT37<>"",VLOOKUP(CONCATENATE($AT37,$AU37,$AV37,$F37),'SKU Dist'!$E$2:$X$200,'SKU Dist'!T$1,FALSE),"")=0,"",IF($AT37<>"",VLOOKUP(CONCATENATE($AT37,$AU37,$AV37,$F37),'SKU Dist'!$E$2:$X$200,'SKU Dist'!T$1,FALSE),"")) | AA37: =IF(IF($AT37<>"",VLOOKUP(CONCATENATE($AT37,$AU37,$AV37,$F37),'SKU Dist'!$E$2:$X$200,'SKU Dist'!U$1,FALSE),"")=0,"",IF($AT37<>"",VLOOKUP(CONCATENATE($AT37,$AU37,$AV37,$F37),'SKU Dist'!$E$2:$X$200,'SKU Dist'!U$1,FALSE),"")) | AB37: =IF(IF($AT37<>"",VLOOKUP(CONCATENATE($AT37,$AU37,$AV37,$F37),'SKU Dist'!$E$2:$X$200,'SKU Dist'!V$1,FALSE),"")=0,"",IF($AT37<>"",VLOOKUP(CONCATENATE($AT37,$AU37,$AV37,$F37),'SKU Dist'!$E$2:$X$200,'SKU Dist'!V$1,FALSE),"")) | AG37: =SUM(G37:AF37) -> 0 | AH37: 145 | AI37: =AG37*AH37 -> 0 | AT37: =IF(E37=E34,AT34,IF(B37="","",B37)) | AU37: RWBR | AV37: M
C38: UNF | D38: 091526 | E38: 2668 | F38: D | N38: =IF(IF($AT38<>"",VLOOKUP(CONCATENATE($AT38,$AU38,$AV38,$F38),'SKU Dist'!$E$2:$X$200,'SKU Dist'!H$1,FALSE),"")=0,"",IF($AT38<>"",VLOOKUP(CONCATENATE($AT38,$AU38,$AV38,$F38),'SKU Dist'!$E$2:$X$200,'SKU Dist'!H$1,FALSE),"")) | O38: =IF(IF($AT38<>"",VLOOKUP(CONCATENATE($AT38,$AU38,$AV38,$F38),'SKU Dist'!$E$2:$X$200,'SKU Dist'!I$1,FALSE),"")=0,"",IF($AT38<>"",VLOOKUP(CONCATENATE($AT38,$AU38,$AV38,$F38),'SKU Dist'!$E$2:$X$200,'SKU Dist'!I$1,FALSE),"")) | P38: =IF(IF($AT38<>"",VLOOKUP(CONCATENATE($AT38,$AU38,$AV38,$F38),'SKU Dist'!$E$2:$X$200,'SKU Dist'!J$1,FALSE),"")=0,"",IF($AT38<>"",VLOOKUP(CONCATENATE($AT38,$AU38,$AV38,$F38),'SKU Dist'!$E$2:$X$200,'SKU Dist'!J$1,FALSE),"")) | Q38: =IF(IF($AT38<>"",VLOOKUP(CONCATENATE($AT38,$AU38,$AV38,$F38),'SKU Dist'!$E$2:$X$200,'SKU Dist'!K$1,FALSE),"")=0,"",IF($AT38<>"",VLOOKUP(CONCATENATE($AT38,$AU38,$AV38,$F38),'SKU Dist'!$E$2:$X$200,'SKU Dist'!K$1,FALSE),"")) | R38: =IF(IF($AT38<>"",VLOOKUP(CONCATENATE($AT38,$AU38,$AV38,$F38),'SKU Dist'!$E$2:$X$200,'SKU Dist'!L$1,FALSE),"")=0,"",IF($AT38<>"",VLOOKUP(CONCATENATE($AT38,$AU38,$AV38,$F38),'SKU Dist'!$E$2:$X$200,'SKU Dist'!L$1,FALSE),"")) | S38: 1 | T38: 1 | U38: 2 | V38: 2 | W38: 2 | X38: 2 | Y38: 1 | Z38: 2 | AA38: =IF(IF($AT38<>"",VLOOKUP(CONCATENATE($AT38,$AU38,$AV38,$F38),'SKU Dist'!$E$2:$X$200,'SKU Dist'!U$1,FALSE),"")=0,"",IF($AT38<>"",VLOOKUP(CONCATENATE($AT38,$AU38,$AV38,$F38),'SKU Dist'!$E$2:$X$200,'SKU Dist'!U$1,FALSE),"")) | AB38: =IF(IF($AT38<>"",VLOOKUP(CONCATENATE($AT38,$AU38,$AV38,$F38),'SKU Dist'!$E$2:$X$200,'SKU Dist'!V$1,FALSE),"")=0,"",IF($AT38<>"",VLOOKUP(CONCATENATE($AT38,$AU38,$AV38,$F38),'SKU Dist'!$E$2:$X$200,'SKU Dist'!V$1,FALSE),"")) | AC38: =IF(IF($AT38<>"",VLOOKUP(CONCATENATE($AT38,$AU38,$AV38,$F38),'SKU Dist'!$E$2:$X$200,'SKU Dist'!W$1,FALSE),"")=0,"",IF($AT38<>"",VLOOKUP(CONCATENATE($AT38,$AU38,$AV38,$F38),'SKU Dist'!$E$2:$X$200,'SKU Dist'!W$1,FALSE),"")) | AG38: =SUM(G38:AF38) -> 13 | AH38: 145 | AI38: =AG38*AH38 -> 1885 | AT38: =IF(E38=E37,AT37,IF(B38="","",B38)) | AU38: RWBR | AV38: M
C39: UNF | D39: 091526 | E39: 2668 | F39: E2 | N39: =IF(IF($AT39<>"",VLOOKUP(CONCATENATE($AT39,$AU39,$AV39,$F39),'SKU Dist'!$E$2:$X$200,'SKU Dist'!H$1,FALSE),"")=0,"",IF($AT39<>"",VLOOKUP(CONCATENATE($AT39,$AU39,$AV39,$F39),'SKU Dist'!$E$2:$X$200,'SKU Dist'!H$1,FALSE),"")) | O39: =IF(IF($AT39<>"",VLOOKUP(CONCATENATE($AT39,$AU39,$AV39,$F39),'SKU Dist'!$E$2:$X$200,'SKU Dist'!I$1,FALSE),"")=0,"",IF($AT39<>"",VLOOKUP(CONCATENATE($AT39,$AU39,$AV39,$F39),'SKU Dist'!$E$2:$X$200,'SKU Dist'!I$1,FALSE),"")) | P39: =IF(IF($AT39<>"",VLOOKUP(CONCATENATE($AT39,$AU39,$AV39,$F39),'SKU Dist'!$E$2:$X$200,'SKU Dist'!J$1,FALSE),"")=0,"",IF($AT39<>"",VLOOKUP(CONCATENATE($AT39,$AU39,$AV39,$F39),'SKU Dist'!$E$2:$X$200,'SKU Dist'!J$1,FALSE),"")) | Q39: =IF(IF($AT39<>"",VLOOKUP(CONCATENATE($AT39,$AU39,$AV39,$F39),'SKU Dist'!$E$2:$X$200,'SKU Dist'!K$1,FALSE),"")=0,"",IF($AT39<>"",VLOOKUP(CONCATENATE($AT39,$AU39,$AV39,$F39),'SKU Dist'!$E$2:$X$200,'SKU Dist'!K$1,FALSE),"")) | R39: =IF(IF($AT39<>"",VLOOKUP(CONCATENATE($AT39,$AU39,$AV39,$F39),'SKU Dist'!$E$2:$X$200,'SKU Dist'!L$1,FALSE),"")=0,"",IF($AT39<>"",VLOOKUP(CONCATENATE($AT39,$AU39,$AV39,$F39),'SKU Dist'!$E$2:$X$200,'SKU Dist'!L$1,FALSE),"")) | T39: 1 | U39: 1 | V39: 1 | W39: 1 | X39: 1 | Z39: 1 | AA39: =IF(IF($AT39<>"",VLOOKUP(CONCATENATE($AT39,$AU39,$AV39,$F39),'SKU Dist'!$E$2:$X$200,'SKU Dist'!U$1,FALSE),"")=0,"",IF($AT39<>"",VLOOKUP(CONCATENATE($AT39,$AU39,$AV39,$F39),'SKU Dist'!$E$2:$X$200,'SKU Dist'!U$1,FALSE),"")) | AB39: =IF(IF($AT39<>"",VLOOKUP(CONCATENATE($AT39,$AU39,$AV39,$F39),'SKU Dist'!$E$2:$X$200,'SKU Dist'!V$1,FALSE),"")=0,"",IF($AT39<>"",VLOOKUP(CONCATENATE($AT39,$AU39,$AV39,$F39),'SKU Dist'!$E$2:$X$200,'SKU Dist'!V$1,FALSE),"")) | AC39: =IF(IF($AT39<>"",VLOOKUP(CONCATENATE($AT39,$AU39,$AV39,$F39),'SKU Dist'!$E$2:$X$200,'SKU Dist'!W$1,FALSE),"")=0,"",IF($AT39<>"",VLOOKUP(CONCATENATE($AT39,$AU39,$AV39,$F39),'SKU Dist'!$E$2:$X$200,'SKU Dist'!W$1,FALSE),"")) | AG39: =SUM(G39:AF39) -> 6 | AH39: 145 | AI39: =AG39*AH39 -> 870 | AT39: =IF(E39=E38,AT38,IF(B39="","",B39)) | AU39: RWBR | AV39: M
C40: UNF | D40: 091526 | E40: 2668 | F40: H | R40: =IF(IF($AT40<>"",VLOOKUP(CONCATENATE($AT40,$AU40,$AV40,$F40),'SKU Dist'!$E$2:$X$200,'SKU Dist'!L$1,FALSE),"")=0,"",IF($AT40<>"",VLOOKUP(CONCATENATE($AT40,$AU40,$AV40,$F40),'SKU Dist'!$E$2:$X$200,'SKU Dist'!L$1,FALSE),"")) | S40: =IF(IF($AT40<>"",VLOOKUP(CONCATENATE($AT40,$AU40,$AV40,$F40),'SKU Dist'!$E$2:$X$200,'SKU Dist'!M$1,FALSE),"")=0,"",IF($AT40<>"",VLOOKUP(CONCATENATE($AT40,$AU40,$AV40,$F40),'SKU Dist'!$E$2:$X$200,'SKU Dist'!M$1,FALSE),"")) | T40: =IF(IF($AT40<>"",VLOOKUP(CONCATENATE($AT40,$AU40,$AV40,$F40),'SKU Dist'!$E$2:$X$200,'SKU Dist'!N$1,FALSE),"")=0,"",IF($AT40<>"",VLOOKUP(CONCATENATE($AT40,$AU40,$AV40,$F40),'SKU Dist'!$E$2:$X$200,'SKU Dist'!N$1,FALSE),"")) | U40: =IF(IF($AT40<>"",VLOOKUP(CONCATENATE($AT40,$AU40,$AV40,$F40),'SKU Dist'!$E$2:$X$200,'SKU Dist'!O$1,FALSE),"")=0,"",IF($AT40<>"",VLOOKUP(CONCATENATE($AT40,$AU40,$AV40,$F40),'SKU Dist'!$E$2:$X$200,'SKU Dist'!O$1,FALSE),"")) | V40: =IF(IF($AT40<>"",VLOOKUP(CONCATENATE($AT40,$AU40,$AV40,$F40),'SKU Dist'!$E$2:$X$200,'SKU Dist'!P$1,FALSE),"")=0,"",IF($AT40<>"",VLOOKUP(CONCATENATE($AT40,$AU40,$AV40,$F40),'SKU Dist'!$E$2:$X$200,'SKU Dist'!P$1,FALSE),"")) | W40: =IF(IF($AT40<>"",VLOOKUP(CONCATENATE($AT40,$AU40,$AV40,$F40),'SKU Dist'!$E$2:$X$200,'SKU Dist'!Q$1,FALSE),"")=0,"",IF($AT40<>"",VLOOKUP(CONCATENATE($AT40,$AU40,$AV40,$F40),'SKU Dist'!$E$2:$X$200,'SKU Dist'!Q$1,FALSE),"")) | X40: =IF(IF($AT40<>"",VLOOKUP(CONCATENATE($AT40,$AU40,$AV40,$F40),'SKU Dist'!$E$2:$X$200,'SKU Dist'!R$1,FALSE),"")=0,"",IF($AT40<>"",VLOOKUP(CONCATENATE($AT40,$AU40,$AV40,$F40),'SKU Dist'!$E$2:$X$200,'SKU Dist'!R$1,FALSE),"")) | Y40: =IF(IF($AT40<>"",VLOOKUP(CONCATENATE($AT40,$AU40,$AV40,$F40),'SKU Dist'!$E$2:$X$200,'SKU Dist'!S$1,FALSE),"")=0,"",IF($AT40<>"",VLOOKUP(CONCATENATE($AT40,$AU40,$AV40,$F40),'SKU Dist'!$E$2:$X$200,'SKU Dist'!S$1,FALSE),"")) | ... AB40: =IF(IF($AT40<>"",VLOOKUP(CONCATENATE($AT40,$AU40,$AV40,$F40),'SKU Dist'!$E$2:$X$200,'SKU Dist'!V$1,FALSE),"")=0,"",IF($AT40<>"",VLOOKUP(CONCATENATE($AT40,$AU40,$AV40,$F40),'SKU Dist'!$E$2:$X$200,'SKU Dist'!V$1,FALSE),"")) | AG40: =SUM(G40:AF40) -> 0 | AH40: 145 | AI40: =AG40*AH40 -> 0 | AU40: RWBR | AV40: M
C41: UNF | D41: 091526 | E41: 2669 | F41: B | V41: =IF(IF($AT41<>"",VLOOKUP(CONCATENATE($AT41,$AU41,$AV41,$F41),'SKU Dist'!$E$2:$X$200,'SKU Dist'!P$1,FALSE),"")=0,"",IF($AT41<>"",VLOOKUP(CONCATENATE($AT41,$AU41,$AV41,$F41),'SKU Dist'!$E$2:$X$200,'SKU Dist'!P$1,FALSE),"")) | W41: =IF(IF($AT41<>"",VLOOKUP(CONCATENATE($AT41,$AU41,$AV41,$F41),'SKU Dist'!$E$2:$X$200,'SKU Dist'!Q$1,FALSE),"")=0,"",IF($AT41<>"",VLOOKUP(CONCATENATE($AT41,$AU41,$AV41,$F41),'SKU Dist'!$E$2:$X$200,'SKU Dist'!Q$1,FALSE),"")) | X41: =IF(IF($AT41<>"",VLOOKUP(CONCATENATE($AT41,$AU41,$AV41,$F41),'SKU Dist'!$E$2:$X$200,'SKU Dist'!R$1,FALSE),"")=0,"",IF($AT41<>"",VLOOKUP(CONCATENATE($AT41,$AU41,$AV41,$F41),'SKU Dist'!$E$2:$X$200,'SKU Dist'!R$1,FALSE),"")) | Y41: =IF(IF($AT41<>"",VLOOKUP(CONCATENATE($AT41,$AU41,$AV41,$F41),'SKU Dist'!$E$2:$X$200,'SKU Dist'!S$1,FALSE),"")=0,"",IF($AT41<>"",VLOOKUP(CONCATENATE($AT41,$AU41,$AV41,$F41),'SKU Dist'!$E$2:$X$200,'SKU Dist'!S$1,FALSE),"")) | Z41: =IF(IF($AT41<>"",VLOOKUP(CONCATENATE($AT41,$AU41,$AV41,$F41),'SKU Dist'!$E$2:$X$200,'SKU Dist'!T$1,FALSE),"")=0,"",IF($AT41<>"",VLOOKUP(CONCATENATE($AT41,$AU41,$AV41,$F41),'SKU Dist'!$E$2:$X$200,'SKU Dist'!T$1,FALSE),"")) | AA41: =IF(IF($AT41<>"",VLOOKUP(CONCATENATE($AT41,$AU41,$AV41,$F41),'SKU Dist'!$E$2:$X$200,'SKU Dist'!U$1,FALSE),"")=0,"",IF($AT41<>"",VLOOKUP(CONCATENATE($AT41,$AU41,$AV41,$F41),'SKU Dist'!$E$2:$X$200,'SKU Dist'!U$1,FALSE),"")) | AB41: =IF(IF($AT41<>"",VLOOKUP(CONCATENATE($AT41,$AU41,$AV41,$F41),'SKU Dist'!$E$2:$X$200,'SKU Dist'!V$1,FALSE),"")=0,"",IF($AT41<>"",VLOOKUP(CONCATENATE($AT41,$AU41,$AV41,$F41),'SKU Dist'!$E$2:$X$200,'SKU Dist'!V$1,FALSE),"")) | AG41: =SUM(G41:AF41) -> 0 | AH41: 140 | AI41: =AG41*AH41 -> 0 | AT41: =IF(E41=E38,AT38,IF(B41="","",B41)) | AU41: RWBR | AV41: M
C42: UNF | D42: 091526 | E42: 2669 | F42: D | N42: =IF(IF($AT42<>"",VLOOKUP(CONCATENATE($AT42,$AU42,$AV42,$F42),'SKU Dist'!$E$2:$X$200,'SKU Dist'!H$1,FALSE),"")=0,"",IF($AT42<>"",VLOOKUP(CONCATENATE($AT42,$AU42,$AV42,$F42),'SKU Dist'!$E$2:$X$200,'SKU Dist'!H$1,FALSE),"")) | O42: =IF(IF($AT42<>"",VLOOKUP(CONCATENATE($AT42,$AU42,$AV42,$F42),'SKU Dist'!$E$2:$X$200,'SKU Dist'!I$1,FALSE),"")=0,"",IF($AT42<>"",VLOOKUP(CONCATENATE($AT42,$AU42,$AV42,$F42),'SKU Dist'!$E$2:$X$200,'SKU Dist'!I$1,FALSE),"")) | P42: =IF(IF($AT42<>"",VLOOKUP(CONCATENATE($AT42,$AU42,$AV42,$F42),'SKU Dist'!$E$2:$X$200,'SKU Dist'!J$1,FALSE),"")=0,"",IF($AT42<>"",VLOOKUP(CONCATENATE($AT42,$AU42,$AV42,$F42),'SKU Dist'!$E$2:$X$200,'SKU Dist'!J$1,FALSE),"")) | Q42: =IF(IF($AT42<>"",VLOOKUP(CONCATENATE($AT42,$AU42,$AV42,$F42),'SKU Dist'!$E$2:$X$200,'SKU Dist'!K$1,FALSE),"")=0,"",IF($AT42<>"",VLOOKUP(CONCATENATE($AT42,$AU42,$AV42,$F42),'SKU Dist'!$E$2:$X$200,'SKU Dist'!K$1,FALSE),"")) | R42: =IF(IF($AT42<>"",VLOOKUP(CONCATENATE($AT42,$AU42,$AV42,$F42),'SKU Dist'!$E$2:$X$200,'SKU Dist'!L$1,FALSE),"")=0,"",IF($AT42<>"",VLOOKUP(CONCATENATE($AT42,$AU42,$AV42,$F42),'SKU Dist'!$E$2:$X$200,'SKU Dist'!L$1,FALSE),"")) | S42: 1 | T42: 1 | U42: 2 | V42: 2 | W42: 2 | X42: 2 | Y42: 1 | Z42: 2 | AA42: =IF(IF($AT42<>"",VLOOKUP(CONCATENATE($AT42,$AU42,$AV42,$F42),'SKU Dist'!$E$2:$X$200,'SKU Dist'!U$1,FALSE),"")=0,"",IF($AT42<>"",VLOOKUP(CONCATENATE($AT42,$AU42,$AV42,$F42),'SKU Dist'!$E$2:$X$200,'SKU Dist'!U$1,FALSE),"")) | AB42: =IF(IF($AT42<>"",VLOOKUP(CONCATENATE($AT42,$AU42,$AV42,$F42),'SKU Dist'!$E$2:$X$200,'SKU Dist'!V$1,FALSE),"")=0,"",IF($AT42<>"",VLOOKUP(CONCATENATE($AT42,$AU42,$AV42,$F42),'SKU Dist'!$E$2:$X$200,'SKU Dist'!V$1,FALSE),"")) | AC42: =IF(IF($AT42<>"",VLOOKUP(CONCATENATE($AT42,$AU42,$AV42,$F42),'SKU Dist'!$E$2:$X$200,'SKU Dist'!W$1,FALSE),"")=0,"",IF($AT42<>"",VLOOKUP(CONCATENATE($AT42,$AU42,$AV42,$F42),'SKU Dist'!$E$2:$X$200,'SKU Dist'!W$1,FALSE),"")) | AG42: =SUM(G42:AF42) -> 13 | AH42: 140 | AI42: =AG42*AH42 -> 1820 | AT42: =IF(E42=E41,AT41,IF(B42="","",B42)) | AU42: RWBR | AV42: M
C43: UNF | D43: 091526 | E43: 2669 | F43: E2 | N43: =IF(IF($AT43<>"",VLOOKUP(CONCATENATE($AT43,$AU43,$AV43,$F43),'SKU Dist'!$E$2:$X$200,'SKU Dist'!H$1,FALSE),"")=0,"",IF($AT43<>"",VLOOKUP(CONCATENATE($AT43,$AU43,$AV43,$F43),'SKU Dist'!$E$2:$X$200,'SKU Dist'!H$1,FALSE),"")) | O43: =IF(IF($AT43<>"",VLOOKUP(CONCATENATE($AT43,$AU43,$AV43,$F43),'SKU Dist'!$E$2:$X$200,'SKU Dist'!I$1,FALSE),"")=0,"",IF($AT43<>"",VLOOKUP(CONCATENATE($AT43,$AU43,$AV43,$F43),'SKU Dist'!$E$2:$X$200,'SKU Dist'!I$1,FALSE),"")) | P43: =IF(IF($AT43<>"",VLOOKUP(CONCATENATE($AT43,$AU43,$AV43,$F43),'SKU Dist'!$E$2:$X$200,'SKU Dist'!J$1,FALSE),"")=0,"",IF($AT43<>"",VLOOKUP(CONCATENATE($AT43,$AU43,$AV43,$F43),'SKU Dist'!$E$2:$X$200,'SKU Dist'!J$1,FALSE),"")) | Q43: =IF(IF($AT43<>"",VLOOKUP(CONCATENATE($AT43,$AU43,$AV43,$F43),'SKU Dist'!$E$2:$X$200,'SKU Dist'!K$1,FALSE),"")=0,"",IF($AT43<>"",VLOOKUP(CONCATENATE($AT43,$AU43,$AV43,$F43),'SKU Dist'!$E$2:$X$200,'SKU Dist'!K$1,FALSE),"")) | R43: =IF(IF($AT43<>"",VLOOKUP(CONCATENATE($AT43,$AU43,$AV43,$F43),'SKU Dist'!$E$2:$X$200,'SKU Dist'!L$1,FALSE),"")=0,"",IF($AT43<>"",VLOOKUP(CONCATENATE($AT43,$AU43,$AV43,$F43),'SKU Dist'!$E$2:$X$200,'SKU Dist'!L$1,FALSE),"")) | T43: 1 | U43: 1 | V43: 1 | W43: 1 | X43: 1 | Z43: 1 | AA43: =IF(IF($AT43<>"",VLOOKUP(CONCATENATE($AT43,$AU43,$AV43,$F43),'SKU Dist'!$E$2:$X$200,'SKU Dist'!U$1,FALSE),"")=0,"",IF($AT43<>"",VLOOKUP(CONCATENATE($AT43,$AU43,$AV43,$F43),'SKU Dist'!$E$2:$X$200,'SKU Dist'!U$1,FALSE),"")) | AB43: =IF(IF($AT43<>"",VLOOKUP(CONCATENATE($AT43,$AU43,$AV43,$F43),'SKU Dist'!$E$2:$X$200,'SKU Dist'!V$1,FALSE),"")=0,"",IF($AT43<>"",VLOOKUP(CONCATENATE($AT43,$AU43,$AV43,$F43),'SKU Dist'!$E$2:$X$200,'SKU Dist'!V$1,FALSE),"")) | AC43: =IF(IF($AT43<>"",VLOOKUP(CONCATENATE($AT43,$AU43,$AV43,$F43),'SKU Dist'!$E$2:$X$200,'SKU Dist'!W$1,FALSE),"")=0,"",IF($AT43<>"",VLOOKUP(CONCATENATE($AT43,$AU43,$AV43,$F43),'SKU Dist'!$E$2:$X$200,'SKU Dist'!W$1,FALSE),"")) | AG43: =SUM(G43:AF43) -> 6 | AH43: 140 | AI43: =AG43*AH43 -> 840 | AT43: =IF(E43=E42,AT42,IF(B43="","",B43)) | AU43: RWBR | AV43: M
C44: UNF | D44: 091526 | E44: 2669 | F44: H | R44: =IF(IF($AT44<>"",VLOOKUP(CONCATENATE($AT44,$AU44,$AV44,$F44),'SKU Dist'!$E$2:$X$200,'SKU Dist'!L$1,FALSE),"")=0,"",IF($AT44<>"",VLOOKUP(CONCATENATE($AT44,$AU44,$AV44,$F44),'SKU Dist'!$E$2:$X$200,'SKU Dist'!L$1,FALSE),"")) | S44: =IF(IF($AT44<>"",VLOOKUP(CONCATENATE($AT44,$AU44,$AV44,$F44),'SKU Dist'!$E$2:$X$200,'SKU Dist'!M$1,FALSE),"")=0,"",IF($AT44<>"",VLOOKUP(CONCATENATE($AT44,$AU44,$AV44,$F44),'SKU Dist'!$E$2:$X$200,'SKU Dist'!M$1,FALSE),"")) | T44: =IF(IF($AT44<>"",VLOOKUP(CONCATENATE($AT44,$AU44,$AV44,$F44),'SKU Dist'!$E$2:$X$200,'SKU Dist'!N$1,FALSE),"")=0,"",IF($AT44<>"",VLOOKUP(CONCATENATE($AT44,$AU44,$AV44,$F44),'SKU Dist'!$E$2:$X$200,'SKU Dist'!N$1,FALSE),"")) | U44: =IF(IF($AT44<>"",VLOOKUP(CONCATENATE($AT44,$AU44,$AV44,$F44),'SKU Dist'!$E$2:$X$200,'SKU Dist'!O$1,FALSE),"")=0,"",IF($AT44<>"",VLOOKUP(CONCATENATE($AT44,$AU44,$AV44,$F44),'SKU Dist'!$E$2:$X$200,'SKU Dist'!O$1,FALSE),"")) | V44: =IF(IF($AT44<>"",VLOOKUP(CONCATENATE($AT44,$AU44,$AV44,$F44),'SKU Dist'!$E$2:$X$200,'SKU Dist'!P$1,FALSE),"")=0,"",IF($AT44<>"",VLOOKUP(CONCATENATE($AT44,$AU44,$AV44,$F44),'SKU Dist'!$E$2:$X$200,'SKU Dist'!P$1,FALSE),"")) | W44: =IF(IF($AT44<>"",VLOOKUP(CONCATENATE($AT44,$AU44,$AV44,$F44),'SKU Dist'!$E$2:$X$200,'SKU Dist'!Q$1,FALSE),"")=0,"",IF($AT44<>"",VLOOKUP(CONCATENATE($AT44,$AU44,$AV44,$F44),'SKU Dist'!$E$2:$X$200,'SKU Dist'!Q$1,FALSE),"")) | X44: =IF(IF($AT44<>"",VLOOKUP(CONCATENATE($AT44,$AU44,$AV44,$F44),'SKU Dist'!$E$2:$X$200,'SKU Dist'!R$1,FALSE),"")=0,"",IF($AT44<>"",VLOOKUP(CONCATENATE($AT44,$AU44,$AV44,$F44),'SKU Dist'!$E$2:$X$200,'SKU Dist'!R$1,FALSE),"")) | Y44: =IF(IF($AT44<>"",VLOOKUP(CONCATENATE($AT44,$AU44,$AV44,$F44),'SKU Dist'!$E$2:$X$200,'SKU Dist'!S$1,FALSE),"")=0,"",IF($AT44<>"",VLOOKUP(CONCATENATE($AT44,$AU44,$AV44,$F44),'SKU Dist'!$E$2:$X$200,'SKU Dist'!S$1,FALSE),"")) | ... AB44: =IF(IF($AT44<>"",VLOOKUP(CONCATENATE($AT44,$AU44,$AV44,$F44),'SKU Dist'!$E$2:$X$200,'SKU Dist'!V$1,FALSE),"")=0,"",IF($AT44<>"",VLOOKUP(CONCATENATE($AT44,$AU44,$AV44,$F44),'SKU Dist'!$E$2:$X$200,'SKU Dist'!V$1,FALSE),"")) | AG44: =SUM(G44:AF44) -> 0 | AH44: 140 | AI44: =AG44*AH44 -> 0 | AU44: RWBR | AV44: M
A45: RED WING | C45: KHR | D45: 081526 | E45: 3056 | F45: D | N45: =IF(IF($AT45<>"",VLOOKUP(CONCATENATE($AT45,$AU45,$AV45,$F45),'SKU Dist'!$E$2:$X$200,'SKU Dist'!H$1,FALSE),"")=0,"",IF($AT45<>"",VLOOKUP(CONCATENATE($AT45,$AU45,$AV45,$F45),'SKU Dist'!$E$2:$X$200,'SKU Dist'!H$1,FALSE),"")) | O45: =IF(IF($AT45<>"",VLOOKUP(CONCATENATE($AT45,$AU45,$AV45,$F45),'SKU Dist'!$E$2:$X$200,'SKU Dist'!I$1,FALSE),"")=0,"",IF($AT45<>"",VLOOKUP(CONCATENATE($AT45,$AU45,$AV45,$F45),'SKU Dist'!$E$2:$X$200,'SKU Dist'!I$1,FALSE),"")) | P45: =IF(IF($AT45<>"",VLOOKUP(CONCATENATE($AT45,$AU45,$AV45,$F45),'SKU Dist'!$E$2:$X$200,'SKU Dist'!J$1,FALSE),"")=0,"",IF($AT45<>"",VLOOKUP(CONCATENATE($AT45,$AU45,$AV45,$F45),'SKU Dist'!$E$2:$X$200,'SKU Dist'!J$1,FALSE),"")) | Q45: =IF(IF($AT45<>"",VLOOKUP(CONCATENATE($AT45,$AU45,$AV45,$F45),'SKU Dist'!$E$2:$X$200,'SKU Dist'!K$1,FALSE),"")=0,"",IF($AT45<>"",VLOOKUP(CONCATENATE($AT45,$AU45,$AV45,$F45),'SKU Dist'!$E$2:$X$200,'SKU Dist'!K$1,FALSE),"")) | R45: =IF(IF($AT45<>"",VLOOKUP(CONCATENATE($AT45,$AU45,$AV45,$F45),'SKU Dist'!$E$2:$X$200,'SKU Dist'!L$1,FALSE),"")=0,"",IF($AT45<>"",VLOOKUP(CONCATENATE($AT45,$AU45,$AV45,$F45),'SKU Dist'!$E$2:$X$200,'SKU Dist'!L$1,FALSE),"")) | S45: =IF(IF($AT45<>"",VLOOKUP(CONCATENATE($AT45,$AU45,$AV45,$F45),'SKU Dist'!$E$2:$X$200,'SKU Dist'!M$1,FALSE),"")=0,"",IF($AT45<>"",VLOOKUP(CONCATENATE($AT45,$AU45,$AV45,$F45),'SKU Dist'!$E$2:$X$200,'SKU Dist'!M$1,FALSE),"")) | T45: =IF(IF($AT45<>"",VLOOKUP(CONCATENATE($AT45,$AU45,$AV45,$F45),'SKU Dist'!$E$2:$X$200,'SKU Dist'!N$1,FALSE),"")=0,"",IF($AT45<>"",VLOOKUP(CONCATENATE($AT45,$AU45,$AV45,$F45),'SKU Dist'!$E$2:$X$200,'SKU Dist'!N$1,FALSE),"")) | U45: =IF(IF($AT45<>"",VLOOKUP(CONCATENATE($AT45,$AU45,$AV45,$F45),'SKU Dist'!$E$2:$X$200,'SKU Dist'!O$1,FALSE),"")=0,"",IF($AT45<>"",VLOOKUP(CONCATENATE($AT45,$AU45,$AV45,$F45),'SKU Dist'!$E$2:$X$200,'SKU Dist'!O$1,FALSE),"")) | ... AB45: =IF(IF($AT45<>"",VLOOKUP(CONCATENATE($AT45,$AU45,$AV45,$F45),'SKU Dist'!$E$2:$X$200,'SKU Dist'!V$1,FALSE),"")=0,"",IF($AT45<>"",VLOOKUP(CONCATENATE($AT45,$AU45,$AV45,$F45),'SKU Dist'!$E$2:$X$200,'SKU Dist'!V$1,FALSE),"")) | AG45: =SUM(G45:AF45) -> 0 | AH45: 115 | AI45: =AG45*AH45 -> 0 | AU45: RWBR | AV45: M
A46: VersaPro | C46: KHR | D46: 081526 | E46: 3056 | F46: E2 | L46: =IF(IF($AT46<>"",VLOOKUP(CONCATENATE($AT46,$AU46,$AV46,$F46),'SKU Dist'!$E$2:$X$200,'SKU Dist'!F$1,FALSE),"")=0,"",IF($AT46<>"",VLOOKUP(CONCATENATE($AT46,$AU46,$AV46,$F46),'SKU Dist'!$E$2:$X$200,'SKU Dist'!F$1,FALSE),"")) | M46: =IF(IF($AT46<>"",VLOOKUP(CONCATENATE($AT46,$AU46,$AV46,$F46),'SKU Dist'!$E$2:$X$200,'SKU Dist'!G$1,FALSE),"")=0,"",IF($AT46<>"",VLOOKUP(CONCATENATE($AT46,$AU46,$AV46,$F46),'SKU Dist'!$E$2:$X$200,'SKU Dist'!G$1,FALSE),"")) | N46: =IF(IF($AT46<>"",VLOOKUP(CONCATENATE($AT46,$AU46,$AV46,$F46),'SKU Dist'!$E$2:$X$200,'SKU Dist'!H$1,FALSE),"")=0,"",IF($AT46<>"",VLOOKUP(CONCATENATE($AT46,$AU46,$AV46,$F46),'SKU Dist'!$E$2:$X$200,'SKU Dist'!H$1,FALSE),"")) | O46: =IF(IF($AT46<>"",VLOOKUP(CONCATENATE($AT46,$AU46,$AV46,$F46),'SKU Dist'!$E$2:$X$200,'SKU Dist'!I$1,FALSE),"")=0,"",IF($AT46<>"",VLOOKUP(CONCATENATE($AT46,$AU46,$AV46,$F46),'SKU Dist'!$E$2:$X$200,'SKU Dist'!I$1,FALSE),"")) | P46: =IF(IF($AT46<>"",VLOOKUP(CONCATENATE($AT46,$AU46,$AV46,$F46),'SKU Dist'!$E$2:$X$200,'SKU Dist'!J$1,FALSE),"")=0,"",IF($AT46<>"",VLOOKUP(CONCATENATE($AT46,$AU46,$AV46,$F46),'SKU Dist'!$E$2:$X$200,'SKU Dist'!J$1,FALSE),"")) | Q46: =IF(IF($AT46<>"",VLOOKUP(CONCATENATE($AT46,$AU46,$AV46,$F46),'SKU Dist'!$E$2:$X$200,'SKU Dist'!K$1,FALSE),"")=0,"",IF($AT46<>"",VLOOKUP(CONCATENATE($AT46,$AU46,$AV46,$F46),'SKU Dist'!$E$2:$X$200,'SKU Dist'!K$1,FALSE),"")) | R46: =IF(IF($AT46<>"",VLOOKUP(CONCATENATE($AT46,$AU46,$AV46,$F46),'SKU Dist'!$E$2:$X$200,'SKU Dist'!L$1,FALSE),"")=0,"",IF($AT46<>"",VLOOKUP(CONCATENATE($AT46,$AU46,$AV46,$F46),'SKU Dist'!$E$2:$X$200,'SKU Dist'!L$1,FALSE),"")) | S46: =IF(IF($AT46<>"",VLOOKUP(CONCATENATE($AT46,$AU46,$AV46,$F46),'SKU Dist'!$E$2:$X$200,'SKU Dist'!M$1,FALSE),"")=0,"",IF($AT46<>"",VLOOKUP(CONCATENATE($AT46,$AU46,$AV46,$F46),'SKU Dist'!$E$2:$X$200,'SKU Dist'!M$1,FALSE),"")) | ... AD46: =IF(IF($AT46<>"",VLOOKUP(CONCATENATE($AT46,$AU46,$AV46,$F46),'SKU Dist'!$E$2:$X$200,'SKU Dist'!X$1,FALSE),"")=0,"",IF($AT46<>"",VLOOKUP(CONCATENATE($AT46,$AU46,$AV46,$F46),'SKU Dist'!$E$2:$X$200,'SKU Dist'!X$1,FALSE),"")) | AG46: =SUM(G46:AF46) -> 0 | AH46: 115 | AI46: =AG46*AH46 -> 0 | AU46: RWBR | AV46: M
A47: =SUM(AG45:AG54) -> 0 | C47: KHR | D47: 081526 | E47: 3057 | F47: D | N47: =IF(IF($AT47<>"",VLOOKUP(CONCATENATE($AT47,$AU47,$AV47,$F47),'SKU Dist'!$E$2:$X$200,'SKU Dist'!H$1,FALSE),"")=0,"",IF($AT47<>"",VLOOKUP(CONCATENATE($AT47,$AU47,$AV47,$F47),'SKU Dist'!$E$2:$X$200,'SKU Dist'!H$1,FALSE),"")) | O47: =IF(IF($AT47<>"",VLOOKUP(CONCATENATE($AT47,$AU47,$AV47,$F47),'SKU Dist'!$E$2:$X$200,'SKU Dist'!I$1,FALSE),"")=0,"",IF($AT47<>"",VLOOKUP(CONCATENATE($AT47,$AU47,$AV47,$F47),'SKU Dist'!$E$2:$X$200,'SKU Dist'!I$1,FALSE),"")) | P47: =IF(IF($AT47<>"",VLOOKUP(CONCATENATE($AT47,$AU47,$AV47,$F47),'SKU Dist'!$E$2:$X$200,'SKU Dist'!J$1,FALSE),"")=0,"",IF($AT47<>"",VLOOKUP(CONCATENATE($AT47,$AU47,$AV47,$F47),'SKU Dist'!$E$2:$X$200,'SKU Dist'!J$1,FALSE),"")) | Q47: =IF(IF($AT47<>"",VLOOKUP(CONCATENATE($AT47,$AU47,$AV47,$F47),'SKU Dist'!$E$2:$X$200,'SKU Dist'!K$1,FALSE),"")=0,"",IF($AT47<>"",VLOOKUP(CONCATENATE($AT47,$AU47,$AV47,$F47),'SKU Dist'!$E$2:$X$200,'SKU Dist'!K$1,FALSE),"")) | R47: =IF(IF($AT47<>"",VLOOKUP(CONCATENATE($AT47,$AU47,$AV47,$F47),'SKU Dist'!$E$2:$X$200,'SKU Dist'!L$1,FALSE),"")=0,"",IF($AT47<>"",VLOOKUP(CONCATENATE($AT47,$AU47,$AV47,$F47),'SKU Dist'!$E$2:$X$200,'SKU Dist'!L$1,FALSE),"")) | S47: =IF(IF($AT47<>"",VLOOKUP(CONCATENATE($AT47,$AU47,$AV47,$F47),'SKU Dist'!$E$2:$X$200,'SKU Dist'!M$1,FALSE),"")=0,"",IF($AT47<>"",VLOOKUP(CONCATENATE($AT47,$AU47,$AV47,$F47),'SKU Dist'!$E$2:$X$200,'SKU Dist'!M$1,FALSE),"")) | T47: =IF(IF($AT47<>"",VLOOKUP(CONCATENATE($AT47,$AU47,$AV47,$F47),'SKU Dist'!$E$2:$X$200,'SKU Dist'!N$1,FALSE),"")=0,"",IF($AT47<>"",VLOOKUP(CONCATENATE($AT47,$AU47,$AV47,$F47),'SKU Dist'!$E$2:$X$200,'SKU Dist'!N$1,FALSE),"")) | U47: =IF(IF($AT47<>"",VLOOKUP(CONCATENATE($AT47,$AU47,$AV47,$F47),'SKU Dist'!$E$2:$X$200,'SKU Dist'!O$1,FALSE),"")=0,"",IF($AT47<>"",VLOOKUP(CONCATENATE($AT47,$AU47,$AV47,$F47),'SKU Dist'!$E$2:$X$200,'SKU Dist'!O$1,FALSE),"")) | ... AB47: =IF(IF($AT47<>"",VLOOKUP(CONCATENATE($AT47,$AU47,$AV47,$F47),'SKU Dist'!$E$2:$X$200,'SKU Dist'!V$1,FALSE),"")=0,"",IF($AT47<>"",VLOOKUP(CONCATENATE($AT47,$AU47,$AV47,$F47),'SKU Dist'!$E$2:$X$200,'SKU Dist'!V$1,FALSE),"")) | AG47: =SUM(G47:AF47) -> 0 | AH47: 120 | AI47: =AG47*AH47 -> 0 | AU47: RWBR | AV47: M
A48: =SUM(AI45:AI54) -> 0 | C48: KHR | D48: 081526 | E48: 3057 | F48: E2 | L48: =IF(IF($AT48<>"",VLOOKUP(CONCATENATE($AT48,$AU48,$AV48,$F48),'SKU Dist'!$E$2:$X$200,'SKU Dist'!F$1,FALSE),"")=0,"",IF($AT48<>"",VLOOKUP(CONCATENATE($AT48,$AU48,$AV48,$F48),'SKU Dist'!$E$2:$X$200,'SKU Dist'!F$1,FALSE),"")) | M48: =IF(IF($AT48<>"",VLOOKUP(CONCATENATE($AT48,$AU48,$AV48,$F48),'SKU Dist'!$E$2:$X$200,'SKU Dist'!G$1,FALSE),"")=0,"",IF($AT48<>"",VLOOKUP(CONCATENATE($AT48,$AU48,$AV48,$F48),'SKU Dist'!$E$2:$X$200,'SKU Dist'!G$1,FALSE),"")) | N48: =IF(IF($AT48<>"",VLOOKUP(CONCATENATE($AT48,$AU48,$AV48,$F48),'SKU Dist'!$E$2:$X$200,'SKU Dist'!H$1,FALSE),"")=0,"",IF($AT48<>"",VLOOKUP(CONCATENATE($AT48,$AU48,$AV48,$F48),'SKU Dist'!$E$2:$X$200,'SKU Dist'!H$1,FALSE),"")) | O48: =IF(IF($AT48<>"",VLOOKUP(CONCATENATE($AT48,$AU48,$AV48,$F48),'SKU Dist'!$E$2:$X$200,'SKU Dist'!I$1,FALSE),"")=0,"",IF($AT48<>"",VLOOKUP(CONCATENATE($AT48,$AU48,$AV48,$F48),'SKU Dist'!$E$2:$X$200,'SKU Dist'!I$1,FALSE),"")) | P48: =IF(IF($AT48<>"",VLOOKUP(CONCATENATE($AT48,$AU48,$AV48,$F48),'SKU Dist'!$E$2:$X$200,'SKU Dist'!J$1,FALSE),"")=0,"",IF($AT48<>"",VLOOKUP(CONCATENATE($AT48,$AU48,$AV48,$F48),'SKU Dist'!$E$2:$X$200,'SKU Dist'!J$1,FALSE),"")) | Q48: =IF(IF($AT48<>"",VLOOKUP(CONCATENATE($AT48,$AU48,$AV48,$F48),'SKU Dist'!$E$2:$X$200,'SKU Dist'!K$1,FALSE),"")=0,"",IF($AT48<>"",VLOOKUP(CONCATENATE($AT48,$AU48,$AV48,$F48),'SKU Dist'!$E$2:$X$200,'SKU Dist'!K$1,FALSE),"")) | R48: =IF(IF($AT48<>"",VLOOKUP(CONCATENATE($AT48,$AU48,$AV48,$F48),'SKU Dist'!$E$2:$X$200,'SKU Dist'!L$1,FALSE),"")=0,"",IF($AT48<>"",VLOOKUP(CONCATENATE($AT48,$AU48,$AV48,$F48),'SKU Dist'!$E$2:$X$200,'SKU Dist'!L$1,FALSE),"")) | S48: =IF(IF($AT48<>"",VLOOKUP(CONCATENATE($AT48,$AU48,$AV48,$F48),'SKU Dist'!$E$2:$X$200,'SKU Dist'!M$1,FALSE),"")=0,"",IF($AT48<>"",VLOOKUP(CONCATENATE($AT48,$AU48,$AV48,$F48),'SKU Dist'!$E$2:$X$200,'SKU Dist'!M$1,FALSE),"")) | ... AD48: =IF(IF($AT48<>"",VLOOKUP(CONCATENATE($AT48,$AU48,$AV48,$F48),'SKU Dist'!$E$2:$X$200,'SKU Dist'!X$1,FALSE),"")=0,"",IF($AT48<>"",VLOOKUP(CONCATENATE($AT48,$AU48,$AV48,$F48),'SKU Dist'!$E$2:$X$200,'SKU Dist'!X$1,FALSE),"")) | AG48: =SUM(G48:AF48) -> 0 | AH48: 120 | AI48: =AG48*AH48 -> 0 | AU48: RWBR | AV48: M
C49: KHR | D49: 081526 | E49: 3058 | F49: D | L49: =IF(IF($AT49<>"",VLOOKUP(CONCATENATE($AT49,$AU49,$AV49,$F49),'SKU Dist'!$E$2:$X$200,'SKU Dist'!F$1,FALSE),"")=0,"",IF($AT49<>"",VLOOKUP(CONCATENATE($AT49,$AU49,$AV49,$F49),'SKU Dist'!$E$2:$X$200,'SKU Dist'!F$1,FALSE),"")) | M49: =IF(IF($AT49<>"",VLOOKUP(CONCATENATE($AT49,$AU49,$AV49,$F49),'SKU Dist'!$E$2:$X$200,'SKU Dist'!G$1,FALSE),"")=0,"",IF($AT49<>"",VLOOKUP(CONCATENATE($AT49,$AU49,$AV49,$F49),'SKU Dist'!$E$2:$X$200,'SKU Dist'!G$1,FALSE),"")) | N49: =IF(IF($AT49<>"",VLOOKUP(CONCATENATE($AT49,$AU49,$AV49,$F49),'SKU Dist'!$E$2:$X$200,'SKU Dist'!H$1,FALSE),"")=0,"",IF($AT49<>"",VLOOKUP(CONCATENATE($AT49,$AU49,$AV49,$F49),'SKU Dist'!$E$2:$X$200,'SKU Dist'!H$1,FALSE),"")) | O49: =IF(IF($AT49<>"",VLOOKUP(CONCATENATE($AT49,$AU49,$AV49,$F49),'SKU Dist'!$E$2:$X$200,'SKU Dist'!I$1,FALSE),"")=0,"",IF($AT49<>"",VLOOKUP(CONCATENATE($AT49,$AU49,$AV49,$F49),'SKU Dist'!$E$2:$X$200,'SKU Dist'!I$1,FALSE),"")) | P49: =IF(IF($AT49<>"",VLOOKUP(CONCATENATE($AT49,$AU49,$AV49,$F49),'SKU Dist'!$E$2:$X$200,'SKU Dist'!J$1,FALSE),"")=0,"",IF($AT49<>"",VLOOKUP(CONCATENATE($AT49,$AU49,$AV49,$F49),'SKU Dist'!$E$2:$X$200,'SKU Dist'!J$1,FALSE),"")) | Q49: =IF(IF($AT49<>"",VLOOKUP(CONCATENATE($AT49,$AU49,$AV49,$F49),'SKU Dist'!$E$2:$X$200,'SKU Dist'!K$1,FALSE),"")=0,"",IF($AT49<>"",VLOOKUP(CONCATENATE($AT49,$AU49,$AV49,$F49),'SKU Dist'!$E$2:$X$200,'SKU Dist'!K$1,FALSE),"")) | R49: =IF(IF($AT49<>"",VLOOKUP(CONCATENATE($AT49,$AU49,$AV49,$F49),'SKU Dist'!$E$2:$X$200,'SKU Dist'!L$1,FALSE),"")=0,"",IF($AT49<>"",VLOOKUP(CONCATENATE($AT49,$AU49,$AV49,$F49),'SKU Dist'!$E$2:$X$200,'SKU Dist'!L$1,FALSE),"")) | S49: =IF(IF($AT49<>"",VLOOKUP(CONCATENATE($AT49,$AU49,$AV49,$F49),'SKU Dist'!$E$2:$X$200,'SKU Dist'!M$1,FALSE),"")=0,"",IF($AT49<>"",VLOOKUP(CONCATENATE($AT49,$AU49,$AV49,$F49),'SKU Dist'!$E$2:$X$200,'SKU Dist'!M$1,FALSE),"")) | ... AA49: =IF(IF($AT49<>"",VLOOKUP(CONCATENATE($AT49,$AU49,$AV49,$F49),'SKU Dist'!$E$2:$X$200,'SKU Dist'!U$1,FALSE),"")=0,"",IF($AT49<>"",VLOOKUP(CONCATENATE($AT49,$AU49,$AV49,$F49),'SKU Dist'!$E$2:$X$200,'SKU Dist'!U$1,FALSE),"")) | AG49: =SUM(G49:AF49) -> 0 | AH49: 125 | AI49: =AG49*AH49 -> 0 | AU49: RWBR | AV49: M
C50: KHR | D50: 081526 | E50: 3058 | F50: E2 | L50: =IF(IF($AT50<>"",VLOOKUP(CONCATENATE($AT50,$AU50,$AV50,$F50),'SKU Dist'!$E$2:$X$200,'SKU Dist'!F$1,FALSE),"")=0,"",IF($AT50<>"",VLOOKUP(CONCATENATE($AT50,$AU50,$AV50,$F50),'SKU Dist'!$E$2:$X$200,'SKU Dist'!F$1,FALSE),"")) | M50: =IF(IF($AT50<>"",VLOOKUP(CONCATENATE($AT50,$AU50,$AV50,$F50),'SKU Dist'!$E$2:$X$200,'SKU Dist'!G$1,FALSE),"")=0,"",IF($AT50<>"",VLOOKUP(CONCATENATE($AT50,$AU50,$AV50,$F50),'SKU Dist'!$E$2:$X$200,'SKU Dist'!G$1,FALSE),"")) | N50: =IF(IF($AT50<>"",VLOOKUP(CONCATENATE($AT50,$AU50,$AV50,$F50),'SKU Dist'!$E$2:$X$200,'SKU Dist'!H$1,FALSE),"")=0,"",IF($AT50<>"",VLOOKUP(CONCATENATE($AT50,$AU50,$AV50,$F50),'SKU Dist'!$E$2:$X$200,'SKU Dist'!H$1,FALSE),"")) | O50: =IF(IF($AT50<>"",VLOOKUP(CONCATENATE($AT50,$AU50,$AV50,$F50),'SKU Dist'!$E$2:$X$200,'SKU Dist'!I$1,FALSE),"")=0,"",IF($AT50<>"",VLOOKUP(CONCATENATE($AT50,$AU50,$AV50,$F50),'SKU Dist'!$E$2:$X$200,'SKU Dist'!I$1,FALSE),"")) | P50: =IF(IF($AT50<>"",VLOOKUP(CONCATENATE($AT50,$AU50,$AV50,$F50),'SKU Dist'!$E$2:$X$200,'SKU Dist'!J$1,FALSE),"")=0,"",IF($AT50<>"",VLOOKUP(CONCATENATE($AT50,$AU50,$AV50,$F50),'SKU Dist'!$E$2:$X$200,'SKU Dist'!J$1,FALSE),"")) | Q50: =IF(IF($AT50<>"",VLOOKUP(CONCATENATE($AT50,$AU50,$AV50,$F50),'SKU Dist'!$E$2:$X$200,'SKU Dist'!K$1,FALSE),"")=0,"",IF($AT50<>"",VLOOKUP(CONCATENATE($AT50,$AU50,$AV50,$F50),'SKU Dist'!$E$2:$X$200,'SKU Dist'!K$1,FALSE),"")) | R50: =IF(IF($AT50<>"",VLOOKUP(CONCATENATE($AT50,$AU50,$AV50,$F50),'SKU Dist'!$E$2:$X$200,'SKU Dist'!L$1,FALSE),"")=0,"",IF($AT50<>"",VLOOKUP(CONCATENATE($AT50,$AU50,$AV50,$F50),'SKU Dist'!$E$2:$X$200,'SKU Dist'!L$1,FALSE),"")) | S50: =IF(IF($AT50<>"",VLOOKUP(CONCATENATE($AT50,$AU50,$AV50,$F50),'SKU Dist'!$E$2:$X$200,'SKU Dist'!M$1,FALSE),"")=0,"",IF($AT50<>"",VLOOKUP(CONCATENATE($AT50,$AU50,$AV50,$F50),'SKU Dist'!$E$2:$X$200,'SKU Dist'!M$1,FALSE),"")) | ... AA50: =IF(IF($AT50<>"",VLOOKUP(CONCATENATE($AT50,$AU50,$AV50,$F50),'SKU Dist'!$E$2:$X$200,'SKU Dist'!U$1,FALSE),"")=0,"",IF($AT50<>"",VLOOKUP(CONCATENATE($AT50,$AU50,$AV50,$F50),'SKU Dist'!$E$2:$X$200,'SKU Dist'!U$1,FALSE),"")) | AG50: =SUM(G50:AF50) -> 0 | AH50: 125 | AI50: =AG50*AH50 -> 0 | AU50: RWBR | AV50: M
C51: KHR | D51: 081526 | E51: 3059 | F51: D | N51: =IF(IF($AT51<>"",VLOOKUP(CONCATENATE($AT51,$AU51,$AV51,$F51),'SKU Dist'!$E$2:$X$200,'SKU Dist'!H$1,FALSE),"")=0,"",IF($AT51<>"",VLOOKUP(CONCATENATE($AT51,$AU51,$AV51,$F51),'SKU Dist'!$E$2:$X$200,'SKU Dist'!H$1,FALSE),"")) | O51: =IF(IF($AT51<>"",VLOOKUP(CONCATENATE($AT51,$AU51,$AV51,$F51),'SKU Dist'!$E$2:$X$200,'SKU Dist'!I$1,FALSE),"")=0,"",IF($AT51<>"",VLOOKUP(CONCATENATE($AT51,$AU51,$AV51,$F51),'SKU Dist'!$E$2:$X$200,'SKU Dist'!I$1,FALSE),"")) | P51: =IF(IF($AT51<>"",VLOOKUP(CONCATENATE($AT51,$AU51,$AV51,$F51),'SKU Dist'!$E$2:$X$200,'SKU Dist'!J$1,FALSE),"")=0,"",IF($AT51<>"",VLOOKUP(CONCATENATE($AT51,$AU51,$AV51,$F51),'SKU Dist'!$E$2:$X$200,'SKU Dist'!J$1,FALSE),"")) | Q51: =IF(IF($AT51<>"",VLOOKUP(CONCATENATE($AT51,$AU51,$AV51,$F51),'SKU Dist'!$E$2:$X$200,'SKU Dist'!K$1,FALSE),"")=0,"",IF($AT51<>"",VLOOKUP(CONCATENATE($AT51,$AU51,$AV51,$F51),'SKU Dist'!$E$2:$X$200,'SKU Dist'!K$1,FALSE),"")) | R51: =IF(IF($AT51<>"",VLOOKUP(CONCATENATE($AT51,$AU51,$AV51,$F51),'SKU Dist'!$E$2:$X$200,'SKU Dist'!L$1,FALSE),"")=0,"",IF($AT51<>"",VLOOKUP(CONCATENATE($AT51,$AU51,$AV51,$F51),'SKU Dist'!$E$2:$X$200,'SKU Dist'!L$1,FALSE),"")) | S51: =IF(IF($AT51<>"",VLOOKUP(CONCATENATE($AT51,$AU51,$AV51,$F51),'SKU Dist'!$E$2:$X$200,'SKU Dist'!M$1,FALSE),"")=0,"",IF($AT51<>"",VLOOKUP(CONCATENATE($AT51,$AU51,$AV51,$F51),'SKU Dist'!$E$2:$X$200,'SKU Dist'!M$1,FALSE),"")) | T51: =IF(IF($AT51<>"",VLOOKUP(CONCATENATE($AT51,$AU51,$AV51,$F51),'SKU Dist'!$E$2:$X$200,'SKU Dist'!N$1,FALSE),"")=0,"",IF($AT51<>"",VLOOKUP(CONCATENATE($AT51,$AU51,$AV51,$F51),'SKU Dist'!$E$2:$X$200,'SKU Dist'!N$1,FALSE),"")) | U51: =IF(IF($AT51<>"",VLOOKUP(CONCATENATE($AT51,$AU51,$AV51,$F51),'SKU Dist'!$E$2:$X$200,'SKU Dist'!O$1,FALSE),"")=0,"",IF($AT51<>"",VLOOKUP(CONCATENATE($AT51,$AU51,$AV51,$F51),'SKU Dist'!$E$2:$X$200,'SKU Dist'!O$1,FALSE),"")) | ... AB51: =IF(IF($AT51<>"",VLOOKUP(CONCATENATE($AT51,$AU51,$AV51,$F51),'SKU Dist'!$E$2:$X$200,'SKU Dist'!V$1,FALSE),"")=0,"",IF($AT51<>"",VLOOKUP(CONCATENATE($AT51,$AU51,$AV51,$F51),'SKU Dist'!$E$2:$X$200,'SKU Dist'!V$1,FALSE),"")) | AG51: =SUM(G51:AF51) -> 0 | AH51: 135 | AI51: =AG51*AH51 -> 0 | AU51: RWBR | AV51: M
C52: KHR | D52: 081526 | E52: 3059 | F52: E2 | L52: =IF(IF($AT51<>"",VLOOKUP(CONCATENATE($AT51,$AU52,$AV52,$F52),'SKU Dist'!$E$2:$X$200,'SKU Dist'!F$1,FALSE),"")=0,"",IF($AT51<>"",VLOOKUP(CONCATENATE($AT51,$AU52,$AV52,$F52),'SKU Dist'!$E$2:$X$200,'SKU Dist'!F$1,FALSE),"")) | M52: =IF(IF($AT51<>"",VLOOKUP(CONCATENATE($AT51,$AU52,$AV52,$F52),'SKU Dist'!$E$2:$X$200,'SKU Dist'!G$1,FALSE),"")=0,"",IF($AT51<>"",VLOOKUP(CONCATENATE($AT51,$AU52,$AV52,$F52),'SKU Dist'!$E$2:$X$200,'SKU Dist'!G$1,FALSE),"")) | N52: =IF(IF($AT51<>"",VLOOKUP(CONCATENATE($AT51,$AU52,$AV52,$F52),'SKU Dist'!$E$2:$X$200,'SKU Dist'!H$1,FALSE),"")=0,"",IF($AT51<>"",VLOOKUP(CONCATENATE($AT51,$AU52,$AV52,$F52),'SKU Dist'!$E$2:$X$200,'SKU Dist'!H$1,FALSE),"")) | O52: =IF(IF($AT51<>"",VLOOKUP(CONCATENATE($AT51,$AU52,$AV52,$F52),'SKU Dist'!$E$2:$X$200,'SKU Dist'!I$1,FALSE),"")=0,"",IF($AT51<>"",VLOOKUP(CONCATENATE($AT51,$AU52,$AV52,$F52),'SKU Dist'!$E$2:$X$200,'SKU Dist'!I$1,FALSE),"")) | P52: =IF(IF($AT51<>"",VLOOKUP(CONCATENATE($AT51,$AU52,$AV52,$F52),'SKU Dist'!$E$2:$X$200,'SKU Dist'!J$1,FALSE),"")=0,"",IF($AT51<>"",VLOOKUP(CONCATENATE($AT51,$AU52,$AV52,$F52),'SKU Dist'!$E$2:$X$200,'SKU Dist'!J$1,FALSE),"")) | Q52: =IF(IF($AT51<>"",VLOOKUP(CONCATENATE($AT51,$AU52,$AV52,$F52),'SKU Dist'!$E$2:$X$200,'SKU Dist'!K$1,FALSE),"")=0,"",IF($AT51<>"",VLOOKUP(CONCATENATE($AT51,$AU52,$AV52,$F52),'SKU Dist'!$E$2:$X$200,'SKU Dist'!K$1,FALSE),"")) | R52: =IF(IF($AT51<>"",VLOOKUP(CONCATENATE($AT51,$AU52,$AV52,$F52),'SKU Dist'!$E$2:$X$200,'SKU Dist'!L$1,FALSE),"")=0,"",IF($AT51<>"",VLOOKUP(CONCATENATE($AT51,$AU52,$AV52,$F52),'SKU Dist'!$E$2:$X$200,'SKU Dist'!L$1,FALSE),"")) | S52: =IF(IF($AT51<>"",VLOOKUP(CONCATENATE($AT51,$AU52,$AV52,$F52),'SKU Dist'!$E$2:$X$200,'SKU Dist'!M$1,FALSE),"")=0,"",IF($AT51<>"",VLOOKUP(CONCATENATE($AT51,$AU52,$AV52,$F52),'SKU Dist'!$E$2:$X$200,'SKU Dist'!M$1,FALSE),"")) | ... U52: =IF(IF($AT51<>"",VLOOKUP(CONCATENATE($AT51,$AU52,$AV52,$F52),'SKU Dist'!$E$2:$X$200,'SKU Dist'!O$1,FALSE),"")=0,"",IF($AT51<>"",VLOOKUP(CONCATENATE($AT51,$AU52,$AV52,$F52),'SKU Dist'!$E$2:$X$200,'SKU Dist'!O$1,FALSE),"")) | V52: =IF(IF($AT52<>"",VLOOKUP(CONCATENATE($AT52,$AU52,$AV52,$F52),'SKU Dist'!$E$2:$X$200,'SKU Dist'!P$1,FALSE),"")=0,"",IF($AT52<>"",VLOOKUP(CONCATENATE($AT52,$AU52,$AV52,$F52),'SKU Dist'!$E$2:$X$200,'SKU Dist'!P$1,FALSE),"")) | W52: =IF(IF($AT51<>"",VLOOKUP(CONCATENATE($AT51,$AU52,$AV52,$F52),'SKU Dist'!$E$2:$X$200,'SKU Dist'!Q$1,FALSE),"")=0,"",IF($AT51<>"",VLOOKUP(CONCATENATE($AT51,$AU52,$AV52,$F52),'SKU Dist'!$E$2:$X$200,'SKU Dist'!Q$1,FALSE),"")) | X52: =IF(IF($AT51<>"",VLOOKUP(CONCATENATE($AT51,$AU52,$AV52,$F52),'SKU Dist'!$E$2:$X$200,'SKU Dist'!R$1,FALSE),"")=0,"",IF($AT51<>"",VLOOKUP(CONCATENATE($AT51,$AU52,$AV52,$F52),'SKU Dist'!$E$2:$X$200,'SKU Dist'!R$1,FALSE),"")) | Y52: =IF(IF($AT51<>"",VLOOKUP(CONCATENATE($AT51,$AU52,$AV52,$F52),'SKU Dist'!$E$2:$X$200,'SKU Dist'!S$1,FALSE),"")=0,"",IF($AT51<>"",VLOOKUP(CONCATENATE($AT51,$AU52,$AV52,$F52),'SKU Dist'!$E$2:$X$200,'SKU Dist'!S$1,FALSE),"")) | Z52: =IF(IF($AT51<>"",VLOOKUP(CONCATENATE($AT51,$AU52,$AV52,$F52),'SKU Dist'!$E$2:$X$200,'SKU Dist'!T$1,FALSE),"")=0,"",IF($AT51<>"",VLOOKUP(CONCATENATE($AT51,$AU52,$AV52,$F52),'SKU Dist'!$E$2:$X$200,'SKU Dist'!T$1,FALSE),"")) | AA52: =IF(IF($AT51<>"",VLOOKUP(CONCATENATE($AT51,$AU52,$AV52,$F52),'SKU Dist'!$E$2:$X$200,'SKU Dist'!U$1,FALSE),"")=0,"",IF($AT51<>"",VLOOKUP(CONCATENATE($AT51,$AU52,$AV52,$F52),'SKU Dist'!$E$2:$X$200,'SKU Dist'!U$1,FALSE),"")) | AG52: =SUM(G52:AF52) -> 0 | AH52: 135 | AI52: =AG52*AH52 -> 0 | AU52: RWBR | AV52: M
C53: KHR | D53: 081526 | E53: 3054 | F53: B | L53: =IF(IF($AT53<>"",VLOOKUP(CONCATENATE($AT53,$AU53,$AV53,$F53),'SKU Dist'!$E$2:$X$200,'SKU Dist'!F$1,FALSE),"")=0,"",IF($AT53<>"",VLOOKUP(CONCATENATE($AT53,$AU53,$AV53,$F53),'SKU Dist'!$E$2:$X$200,'SKU Dist'!F$1,FALSE),"")) | M53: =IF(IF($AT53<>"",VLOOKUP(CONCATENATE($AT53,$AU53,$AV53,$F53),'SKU Dist'!$E$2:$X$200,'SKU Dist'!G$1,FALSE),"")=0,"",IF($AT53<>"",VLOOKUP(CONCATENATE($AT53,$AU53,$AV53,$F53),'SKU Dist'!$E$2:$X$200,'SKU Dist'!G$1,FALSE),"")) | N53: =IF(IF($AT53<>"",VLOOKUP(CONCATENATE($AT53,$AU53,$AV53,$F53),'SKU Dist'!$E$2:$X$200,'SKU Dist'!H$1,FALSE),"")=0,"",IF($AT53<>"",VLOOKUP(CONCATENATE($AT53,$AU53,$AV53,$F53),'SKU Dist'!$E$2:$X$200,'SKU Dist'!H$1,FALSE),"")) | O53: =IF(IF($AT53<>"",VLOOKUP(CONCATENATE($AT53,$AU53,$AV53,$F53),'SKU Dist'!$E$2:$X$200,'SKU Dist'!I$1,FALSE),"")=0,"",IF($AT53<>"",VLOOKUP(CONCATENATE($AT53,$AU53,$AV53,$F53),'SKU Dist'!$E$2:$X$200,'SKU Dist'!I$1,FALSE),"")) | P53: =IF(IF($AT53<>"",VLOOKUP(CONCATENATE($AT53,$AU53,$AV53,$F53),'SKU Dist'!$E$2:$X$200,'SKU Dist'!J$1,FALSE),"")=0,"",IF($AT53<>"",VLOOKUP(CONCATENATE($AT53,$AU53,$AV53,$F53),'SKU Dist'!$E$2:$X$200,'SKU Dist'!J$1,FALSE),"")) | Q53: =IF(IF($AT53<>"",VLOOKUP(CONCATENATE($AT53,$AU53,$AV53,$F53),'SKU Dist'!$E$2:$X$200,'SKU Dist'!K$1,FALSE),"")=0,"",IF($AT53<>"",VLOOKUP(CONCATENATE($AT53,$AU53,$AV53,$F53),'SKU Dist'!$E$2:$X$200,'SKU Dist'!K$1,FALSE),"")) | R53: =IF(IF($AT53<>"",VLOOKUP(CONCATENATE($AT53,$AU53,$AV53,$F53),'SKU Dist'!$E$2:$X$200,'SKU Dist'!L$1,FALSE),"")=0,"",IF($AT53<>"",VLOOKUP(CONCATENATE($AT53,$AU53,$AV53,$F53),'SKU Dist'!$E$2:$X$200,'SKU Dist'!L$1,FALSE),"")) | S53: =IF(IF($AT53<>"",VLOOKUP(CONCATENATE($AT53,$AU53,$AV53,$F53),'SKU Dist'!$E$2:$X$200,'SKU Dist'!M$1,FALSE),"")=0,"",IF($AT53<>"",VLOOKUP(CONCATENATE($AT53,$AU53,$AV53,$F53),'SKU Dist'!$E$2:$X$200,'SKU Dist'!M$1,FALSE),"")) | ... AA53: =IF(IF($AT53<>"",VLOOKUP(CONCATENATE($AT53,$AU53,$AV53,$F53),'SKU Dist'!$E$2:$X$200,'SKU Dist'!U$1,FALSE),"")=0,"",IF($AT53<>"",VLOOKUP(CONCATENATE($AT53,$AU53,$AV53,$F53),'SKU Dist'!$E$2:$X$200,'SKU Dist'!U$1,FALSE),"")) | AG53: =SUM(G53:AF53) -> 0 | AH53: 120 | AI53: =AG53*AH53 -> 0 | AU53: RWBR | AV53: W
C54: KHR | D54: 081526 | E54: 3054 | F54: D | L54: =IF(IF($AT54<>"",VLOOKUP(CONCATENATE($AT54,$AU54,$AV54,$F54),'SKU Dist'!$E$2:$X$200,'SKU Dist'!F$1,FALSE),"")=0,"",IF($AT54<>"",VLOOKUP(CONCATENATE($AT54,$AU54,$AV54,$F54),'SKU Dist'!$E$2:$X$200,'SKU Dist'!F$1,FALSE),"")) | M54: =IF(IF($AT54<>"",VLOOKUP(CONCATENATE($AT54,$AU54,$AV54,$F54),'SKU Dist'!$E$2:$X$200,'SKU Dist'!G$1,FALSE),"")=0,"",IF($AT54<>"",VLOOKUP(CONCATENATE($AT54,$AU54,$AV54,$F54),'SKU Dist'!$E$2:$X$200,'SKU Dist'!G$1,FALSE),"")) | N54: =IF(IF($AT54<>"",VLOOKUP(CONCATENATE($AT54,$AU54,$AV54,$F54),'SKU Dist'!$E$2:$X$200,'SKU Dist'!H$1,FALSE),"")=0,"",IF($AT54<>"",VLOOKUP(CONCATENATE($AT54,$AU54,$AV54,$F54),'SKU Dist'!$E$2:$X$200,'SKU Dist'!H$1,FALSE),"")) | O54: =IF(IF($AT54<>"",VLOOKUP(CONCATENATE($AT54,$AU54,$AV54,$F54),'SKU Dist'!$E$2:$X$200,'SKU Dist'!I$1,FALSE),"")=0,"",IF($AT54<>"",VLOOKUP(CONCATENATE($AT54,$AU54,$AV54,$F54),'SKU Dist'!$E$2:$X$200,'SKU Dist'!I$1,FALSE),"")) | P54: =IF(IF($AT54<>"",VLOOKUP(CONCATENATE($AT54,$AU54,$AV54,$F54),'SKU Dist'!$E$2:$X$200,'SKU Dist'!J$1,FALSE),"")=0,"",IF($AT54<>"",VLOOKUP(CONCATENATE($AT54,$AU54,$AV54,$F54),'SKU Dist'!$E$2:$X$200,'SKU Dist'!J$1,FALSE),"")) | Q54: =IF(IF($AT54<>"",VLOOKUP(CONCATENATE($AT54,$AU54,$AV54,$F54),'SKU Dist'!$E$2:$X$200,'SKU Dist'!K$1,FALSE),"")=0,"",IF($AT54<>"",VLOOKUP(CONCATENATE($AT54,$AU54,$AV54,$F54),'SKU Dist'!$E$2:$X$200,'SKU Dist'!K$1,FALSE),"")) | R54: =IF(IF($AT54<>"",VLOOKUP(CONCATENATE($AT54,$AU54,$AV54,$F54),'SKU Dist'!$E$2:$X$200,'SKU Dist'!L$1,FALSE),"")=0,"",IF($AT54<>"",VLOOKUP(CONCATENATE($AT54,$AU54,$AV54,$F54),'SKU Dist'!$E$2:$X$200,'SKU Dist'!L$1,FALSE),"")) | S54: =IF(IF($AT54<>"",VLOOKUP(CONCATENATE($AT54,$AU54,$AV54,$F54),'SKU Dist'!$E$2:$X$200,'SKU Dist'!M$1,FALSE),"")=0,"",IF($AT54<>"",VLOOKUP(CONCATENATE($AT54,$AU54,$AV54,$F54),'SKU Dist'!$E$2:$X$200,'SKU Dist'!M$1,FALSE),"")) | ... AA54: =IF(IF($AT54<>"",VLOOKUP(CONCATENATE($AT54,$AU54,$AV54,$F54),'SKU Dist'!$E$2:$X$200,'SKU Dist'!U$1,FALSE),"")=0,"",IF($AT54<>"",VLOOKUP(CONCATENATE($AT54,$AU54,$AV54,$F54),'SKU Dist'!$E$2:$X$200,'SKU Dist'!U$1,FALSE),"")) | AG54: =SUM(G54:AF54) -> 0 | AH54: 120 | AI54: =AG54*AH54 -> 0 | AU54: RWBR | AV54: W
A55: RED WING | C55: KHR | D55: 081526 | E55: 3010 | F55: D | N55: =IF(IF($AT55<>"",VLOOKUP(CONCATENATE($AT55,$AU55,$AV55,$F55),'SKU Dist'!$E$2:$X$200,'SKU Dist'!H$1,FALSE),"")=0,"",IF($AT55<>"",VLOOKUP(CONCATENATE($AT55,$AU55,$AV55,$F55),'SKU Dist'!$E$2:$X$200,'SKU Dist'!H$1,FALSE),"")) | O55: =IF(IF($AT55<>"",VLOOKUP(CONCATENATE($AT55,$AU55,$AV55,$F55),'SKU Dist'!$E$2:$X$200,'SKU Dist'!I$1,FALSE),"")=0,"",IF($AT55<>"",VLOOKUP(CONCATENATE($AT55,$AU55,$AV55,$F55),'SKU Dist'!$E$2:$X$200,'SKU Dist'!I$1,FALSE),"")) | P55: =IF(IF($AT55<>"",VLOOKUP(CONCATENATE($AT55,$AU55,$AV55,$F55),'SKU Dist'!$E$2:$X$200,'SKU Dist'!J$1,FALSE),"")=0,"",IF($AT55<>"",VLOOKUP(CONCATENATE($AT55,$AU55,$AV55,$F55),'SKU Dist'!$E$2:$X$200,'SKU Dist'!J$1,FALSE),"")) | Q55: =IF(IF($AT55<>"",VLOOKUP(CONCATENATE($AT55,$AU55,$AV55,$F55),'SKU Dist'!$E$2:$X$200,'SKU Dist'!K$1,FALSE),"")=0,"",IF($AT55<>"",VLOOKUP(CONCATENATE($AT55,$AU55,$AV55,$F55),'SKU Dist'!$E$2:$X$200,'SKU Dist'!K$1,FALSE),"")) | R55: =IF(IF($AT55<>"",VLOOKUP(CONCATENATE($AT55,$AU55,$AV55,$F55),'SKU Dist'!$E$2:$X$200,'SKU Dist'!L$1,FALSE),"")=0,"",IF($AT55<>"",VLOOKUP(CONCATENATE($AT55,$AU55,$AV55,$F55),'SKU Dist'!$E$2:$X$200,'SKU Dist'!L$1,FALSE),"")) | S55: =IF(IF($AT55<>"",VLOOKUP(CONCATENATE($AT55,$AU55,$AV55,$F55),'SKU Dist'!$E$2:$X$200,'SKU Dist'!M$1,FALSE),"")=0,"",IF($AT55<>"",VLOOKUP(CONCATENATE($AT55,$AU55,$AV55,$F55),'SKU Dist'!$E$2:$X$200,'SKU Dist'!M$1,FALSE),"")) | T55: =IF(IF($AT55<>"",VLOOKUP(CONCATENATE($AT55,$AU55,$AV55,$F55),'SKU Dist'!$E$2:$X$200,'SKU Dist'!N$1,FALSE),"")=0,"",IF($AT55<>"",VLOOKUP(CONCATENATE($AT55,$AU55,$AV55,$F55),'SKU Dist'!$E$2:$X$200,'SKU Dist'!N$1,FALSE),"")) | U55: =IF(IF($AT55<>"",VLOOKUP(CONCATENATE($AT55,$AU55,$AV55,$F55),'SKU Dist'!$E$2:$X$200,'SKU Dist'!O$1,FALSE),"")=0,"",IF($AT55<>"",VLOOKUP(CONCATENATE($AT55,$AU55,$AV55,$F55),'SKU Dist'!$E$2:$X$200,'SKU Dist'!O$1,FALSE),"")) | ... AB55: =IF(IF($AT55<>"",VLOOKUP(CONCATENATE($AT55,$AU55,$AV55,$F55),'SKU Dist'!$E$2:$X$200,'SKU Dist'!V$1,FALSE),"")=0,"",IF($AT55<>"",VLOOKUP(CONCATENATE($AT55,$AU55,$AV55,$F55),'SKU Dist'!$E$2:$X$200,'SKU Dist'!V$1,FALSE),"")) | AG55: =SUM(G55:AF55) -> 0 | AH55: 140 | AI55: =AG55*AH55 -> 0 | AU55: RWBR | AV55: M
A56: Tecnetic | C56: KHR | D56: 081526 | E56: 3010 | F56: E2 | L56: =IF(IF($AT56<>"",VLOOKUP(CONCATENATE($AT56,$AU56,$AV56,$F56),'SKU Dist'!$E$2:$X$200,'SKU Dist'!F$1,FALSE),"")=0,"",IF($AT56<>"",VLOOKUP(CONCATENATE($AT56,$AU56,$AV56,$F56),'SKU Dist'!$E$2:$X$200,'SKU Dist'!F$1,FALSE),"")) | M56: =IF(IF($AT56<>"",VLOOKUP(CONCATENATE($AT56,$AU56,$AV56,$F56),'SKU Dist'!$E$2:$X$200,'SKU Dist'!G$1,FALSE),"")=0,"",IF($AT56<>"",VLOOKUP(CONCATENATE($AT56,$AU56,$AV56,$F56),'SKU Dist'!$E$2:$X$200,'SKU Dist'!G$1,FALSE),"")) | N56: =IF(IF($AT56<>"",VLOOKUP(CONCATENATE($AT56,$AU56,$AV56,$F56),'SKU Dist'!$E$2:$X$200,'SKU Dist'!H$1,FALSE),"")=0,"",IF($AT56<>"",VLOOKUP(CONCATENATE($AT56,$AU56,$AV56,$F56),'SKU Dist'!$E$2:$X$200,'SKU Dist'!H$1,FALSE),"")) | O56: =IF(IF($AT56<>"",VLOOKUP(CONCATENATE($AT56,$AU56,$AV56,$F56),'SKU Dist'!$E$2:$X$200,'SKU Dist'!I$1,FALSE),"")=0,"",IF($AT56<>"",VLOOKUP(CONCATENATE($AT56,$AU56,$AV56,$F56),'SKU Dist'!$E$2:$X$200,'SKU Dist'!I$1,FALSE),"")) | P56: =IF(IF($AT56<>"",VLOOKUP(CONCATENATE($AT56,$AU56,$AV56,$F56),'SKU Dist'!$E$2:$X$200,'SKU Dist'!J$1,FALSE),"")=0,"",IF($AT56<>"",VLOOKUP(CONCATENATE($AT56,$AU56,$AV56,$F56),'SKU Dist'!$E$2:$X$200,'SKU Dist'!J$1,FALSE),"")) | Q56: =IF(IF($AT56<>"",VLOOKUP(CONCATENATE($AT56,$AU56,$AV56,$F56),'SKU Dist'!$E$2:$X$200,'SKU Dist'!K$1,FALSE),"")=0,"",IF($AT56<>"",VLOOKUP(CONCATENATE($AT56,$AU56,$AV56,$F56),'SKU Dist'!$E$2:$X$200,'SKU Dist'!K$1,FALSE),"")) | R56: =IF(IF($AT56<>"",VLOOKUP(CONCATENATE($AT56,$AU56,$AV56,$F56),'SKU Dist'!$E$2:$X$200,'SKU Dist'!L$1,FALSE),"")=0,"",IF($AT56<>"",VLOOKUP(CONCATENATE($AT56,$AU56,$AV56,$F56),'SKU Dist'!$E$2:$X$200,'SKU Dist'!L$1,FALSE),"")) | S56: =IF(IF($AT56<>"",VLOOKUP(CONCATENATE($AT56,$AU56,$AV56,$F56),'SKU Dist'!$E$2:$X$200,'SKU Dist'!M$1,FALSE),"")=0,"",IF($AT56<>"",VLOOKUP(CONCATENATE($AT56,$AU56,$AV56,$F56),'SKU Dist'!$E$2:$X$200,'SKU Dist'!M$1,FALSE),"")) | ... AD56: =IF(IF($AT56<>"",VLOOKUP(CONCATENATE($AT56,$AU56,$AV56,$F56),'SKU Dist'!$E$2:$X$200,'SKU Dist'!X$1,FALSE),"")=0,"",IF($AT56<>"",VLOOKUP(CONCATENATE($AT56,$AU56,$AV56,$F56),'SKU Dist'!$E$2:$X$200,'SKU Dist'!X$1,FALSE),"")) | AG56: =SUM(G56:AF56) -> 0 | AH56: 140 | AI56: =AG56*AH56 -> 0 | AU56: RWBR | AV56: M
A57: =SUM(AG55:AG64) -> 0 | C57: KHR | D57: 081526 | E57: 3011 | F57: D | N57: =IF(IF($AT57<>"",VLOOKUP(CONCATENATE($AT57,$AU57,$AV57,$F57),'SKU Dist'!$E$2:$X$200,'SKU Dist'!H$1,FALSE),"")=0,"",IF($AT57<>"",VLOOKUP(CONCATENATE($AT57,$AU57,$AV57,$F57),'SKU Dist'!$E$2:$X$200,'SKU Dist'!H$1,FALSE),"")) | O57: =IF(IF($AT57<>"",VLOOKUP(CONCATENATE($AT57,$AU57,$AV57,$F57),'SKU Dist'!$E$2:$X$200,'SKU Dist'!I$1,FALSE),"")=0,"",IF($AT57<>"",VLOOKUP(CONCATENATE($AT57,$AU57,$AV57,$F57),'SKU Dist'!$E$2:$X$200,'SKU Dist'!I$1,FALSE),"")) | P57: =IF(IF($AT57<>"",VLOOKUP(CONCATENATE($AT57,$AU57,$AV57,$F57),'SKU Dist'!$E$2:$X$200,'SKU Dist'!J$1,FALSE),"")=0,"",IF($AT57<>"",VLOOKUP(CONCATENATE($AT57,$AU57,$AV57,$F57),'SKU Dist'!$E$2:$X$200,'SKU Dist'!J$1,FALSE),"")) | Q57: =IF(IF($AT57<>"",VLOOKUP(CONCATENATE($AT57,$AU57,$AV57,$F57),'SKU Dist'!$E$2:$X$200,'SKU Dist'!K$1,FALSE),"")=0,"",IF($AT57<>"",VLOOKUP(CONCATENATE($AT57,$AU57,$AV57,$F57),'SKU Dist'!$E$2:$X$200,'SKU Dist'!K$1,FALSE),"")) | R57: =IF(IF($AT57<>"",VLOOKUP(CONCATENATE($AT57,$AU57,$AV57,$F57),'SKU Dist'!$E$2:$X$200,'SKU Dist'!L$1,FALSE),"")=0,"",IF($AT57<>"",VLOOKUP(CONCATENATE($AT57,$AU57,$AV57,$F57),'SKU Dist'!$E$2:$X$200,'SKU Dist'!L$1,FALSE),"")) | S57: =IF(IF($AT57<>"",VLOOKUP(CONCATENATE($AT57,$AU57,$AV57,$F57),'SKU Dist'!$E$2:$X$200,'SKU Dist'!M$1,FALSE),"")=0,"",IF($AT57<>"",VLOOKUP(CONCATENATE($AT57,$AU57,$AV57,$F57),'SKU Dist'!$E$2:$X$200,'SKU Dist'!M$1,FALSE),"")) | T57: =IF(IF($AT57<>"",VLOOKUP(CONCATENATE($AT57,$AU57,$AV57,$F57),'SKU Dist'!$E$2:$X$200,'SKU Dist'!N$1,FALSE),"")=0,"",IF($AT57<>"",VLOOKUP(CONCATENATE($AT57,$AU57,$AV57,$F57),'SKU Dist'!$E$2:$X$200,'SKU Dist'!N$1,FALSE),"")) | U57: =IF(IF($AT57<>"",VLOOKUP(CONCATENATE($AT57,$AU57,$AV57,$F57),'SKU Dist'!$E$2:$X$200,'SKU Dist'!O$1,FALSE),"")=0,"",IF($AT57<>"",VLOOKUP(CONCATENATE($AT57,$AU57,$AV57,$F57),'SKU Dist'!$E$2:$X$200,'SKU Dist'!O$1,FALSE),"")) | ... AB57: =IF(IF($AT57<>"",VLOOKUP(CONCATENATE($AT57,$AU57,$AV57,$F57),'SKU Dist'!$E$2:$X$200,'SKU Dist'!V$1,FALSE),"")=0,"",IF($AT57<>"",VLOOKUP(CONCATENATE($AT57,$AU57,$AV57,$F57),'SKU Dist'!$E$2:$X$200,'SKU Dist'!V$1,FALSE),"")) | AG57: =SUM(G57:AF57) -> 0 | AH57: 102.5 | AI57: =AG57*AH57 -> 0 | AU57: RWBR | AV57: M
A58: =SUM(AI55:AI64) -> 0 | C58: KHR | D58: 081526 | E58: 3011 | F58: E2 | L58: =IF(IF($AT58<>"",VLOOKUP(CONCATENATE($AT58,$AU58,$AV58,$F58),'SKU Dist'!$E$2:$X$200,'SKU Dist'!F$1,FALSE),"")=0,"",IF($AT58<>"",VLOOKUP(CONCATENATE($AT58,$AU58,$AV58,$F58),'SKU Dist'!$E$2:$X$200,'SKU Dist'!F$1,FALSE),"")) | M58: =IF(IF($AT58<>"",VLOOKUP(CONCATENATE($AT58,$AU58,$AV58,$F58),'SKU Dist'!$E$2:$X$200,'SKU Dist'!G$1,FALSE),"")=0,"",IF($AT58<>"",VLOOKUP(CONCATENATE($AT58,$AU58,$AV58,$F58),'SKU Dist'!$E$2:$X$200,'SKU Dist'!G$1,FALSE),"")) | N58: =IF(IF($AT58<>"",VLOOKUP(CONCATENATE($AT58,$AU58,$AV58,$F58),'SKU Dist'!$E$2:$X$200,'SKU Dist'!H$1,FALSE),"")=0,"",IF($AT58<>"",VLOOKUP(CONCATENATE($AT58,$AU58,$AV58,$F58),'SKU Dist'!$E$2:$X$200,'SKU Dist'!H$1,FALSE),"")) | O58: =IF(IF($AT58<>"",VLOOKUP(CONCATENATE($AT58,$AU58,$AV58,$F58),'SKU Dist'!$E$2:$X$200,'SKU Dist'!I$1,FALSE),"")=0,"",IF($AT58<>"",VLOOKUP(CONCATENATE($AT58,$AU58,$AV58,$F58),'SKU Dist'!$E$2:$X$200,'SKU Dist'!I$1,FALSE),"")) | P58: =IF(IF($AT58<>"",VLOOKUP(CONCATENATE($AT58,$AU58,$AV58,$F58),'SKU Dist'!$E$2:$X$200,'SKU Dist'!J$1,FALSE),"")=0,"",IF($AT58<>"",VLOOKUP(CONCATENATE($AT58,$AU58,$AV58,$F58),'SKU Dist'!$E$2:$X$200,'SKU Dist'!J$1,FALSE),"")) | Q58: =IF(IF($AT58<>"",VLOOKUP(CONCATENATE($AT58,$AU58,$AV58,$F58),'SKU Dist'!$E$2:$X$200,'SKU Dist'!K$1,FALSE),"")=0,"",IF($AT58<>"",VLOOKUP(CONCATENATE($AT58,$AU58,$AV58,$F58),'SKU Dist'!$E$2:$X$200,'SKU Dist'!K$1,FALSE),"")) | R58: =IF(IF($AT58<>"",VLOOKUP(CONCATENATE($AT58,$AU58,$AV58,$F58),'SKU Dist'!$E$2:$X$200,'SKU Dist'!L$1,FALSE),"")=0,"",IF($AT58<>"",VLOOKUP(CONCATENATE($AT58,$AU58,$AV58,$F58),'SKU Dist'!$E$2:$X$200,'SKU Dist'!L$1,FALSE),"")) | S58: =IF(IF($AT58<>"",VLOOKUP(CONCATENATE($AT58,$AU58,$AV58,$F58),'SKU Dist'!$E$2:$X$200,'SKU Dist'!M$1,FALSE),"")=0,"",IF($AT58<>"",VLOOKUP(CONCATENATE($AT58,$AU58,$AV58,$F58),'SKU Dist'!$E$2:$X$200,'SKU Dist'!M$1,FALSE),"")) | ... AD58: =IF(IF($AT58<>"",VLOOKUP(CONCATENATE($AT58,$AU58,$AV58,$F58),'SKU Dist'!$E$2:$X$200,'SKU Dist'!X$1,FALSE),"")=0,"",IF($AT58<>"",VLOOKUP(CONCATENATE($AT58,$AU58,$AV58,$F58),'SKU Dist'!$E$2:$X$200,'SKU Dist'!X$1,FALSE),"")) | AG58: =SUM(G58:AF58) -> 0 | AH58: 102.5 | AI58: =AG58*AH58 -> 0 | AU58: RWBR | AV58: M
C59: KHR | D59: 081526 | E59: 3012 | F59: D | L59: =IF(IF($AT59<>"",VLOOKUP(CONCATENATE($AT59,$AU59,$AV59,$F59),'SKU Dist'!$E$2:$X$200,'SKU Dist'!F$1,FALSE),"")=0,"",IF($AT59<>"",VLOOKUP(CONCATENATE($AT59,$AU59,$AV59,$F59),'SKU Dist'!$E$2:$X$200,'SKU Dist'!F$1,FALSE),"")) | M59: =IF(IF($AT59<>"",VLOOKUP(CONCATENATE($AT59,$AU59,$AV59,$F59),'SKU Dist'!$E$2:$X$200,'SKU Dist'!G$1,FALSE),"")=0,"",IF($AT59<>"",VLOOKUP(CONCATENATE($AT59,$AU59,$AV59,$F59),'SKU Dist'!$E$2:$X$200,'SKU Dist'!G$1,FALSE),"")) | N59: =IF(IF($AT59<>"",VLOOKUP(CONCATENATE($AT59,$AU59,$AV59,$F59),'SKU Dist'!$E$2:$X$200,'SKU Dist'!H$1,FALSE),"")=0,"",IF($AT59<>"",VLOOKUP(CONCATENATE($AT59,$AU59,$AV59,$F59),'SKU Dist'!$E$2:$X$200,'SKU Dist'!H$1,FALSE),"")) | O59: =IF(IF($AT59<>"",VLOOKUP(CONCATENATE($AT59,$AU59,$AV59,$F59),'SKU Dist'!$E$2:$X$200,'SKU Dist'!I$1,FALSE),"")=0,"",IF($AT59<>"",VLOOKUP(CONCATENATE($AT59,$AU59,$AV59,$F59),'SKU Dist'!$E$2:$X$200,'SKU Dist'!I$1,FALSE),"")) | P59: =IF(IF($AT59<>"",VLOOKUP(CONCATENATE($AT59,$AU59,$AV59,$F59),'SKU Dist'!$E$2:$X$200,'SKU Dist'!J$1,FALSE),"")=0,"",IF($AT59<>"",VLOOKUP(CONCATENATE($AT59,$AU59,$AV59,$F59),'SKU Dist'!$E$2:$X$200,'SKU Dist'!J$1,FALSE),"")) | Q59: =IF(IF($AT59<>"",VLOOKUP(CONCATENATE($AT59,$AU59,$AV59,$F59),'SKU Dist'!$E$2:$X$200,'SKU Dist'!K$1,FALSE),"")=0,"",IF($AT59<>"",VLOOKUP(CONCATENATE($AT59,$AU59,$AV59,$F59),'SKU Dist'!$E$2:$X$200,'SKU Dist'!K$1,FALSE),"")) | R59: =IF(IF($AT59<>"",VLOOKUP(CONCATENATE($AT59,$AU59,$AV59,$F59),'SKU Dist'!$E$2:$X$200,'SKU Dist'!L$1,FALSE),"")=0,"",IF($AT59<>"",VLOOKUP(CONCATENATE($AT59,$AU59,$AV59,$F59),'SKU Dist'!$E$2:$X$200,'SKU Dist'!L$1,FALSE),"")) | S59: =IF(IF($AT59<>"",VLOOKUP(CONCATENATE($AT59,$AU59,$AV59,$F59),'SKU Dist'!$E$2:$X$200,'SKU Dist'!M$1,FALSE),"")=0,"",IF($AT59<>"",VLOOKUP(CONCATENATE($AT59,$AU59,$AV59,$F59),'SKU Dist'!$E$2:$X$200,'SKU Dist'!M$1,FALSE),"")) | ... AA59: =IF(IF($AT59<>"",VLOOKUP(CONCATENATE($AT59,$AU59,$AV59,$F59),'SKU Dist'!$E$2:$X$200,'SKU Dist'!U$1,FALSE),"")=0,"",IF($AT59<>"",VLOOKUP(CONCATENATE($AT59,$AU59,$AV59,$F59),'SKU Dist'!$E$2:$X$200,'SKU Dist'!U$1,FALSE),"")) | AG59: =SUM(G59:AF59) -> 0 | AH59: 112.5 | AI59: =AG59*AH59 -> 0 | AU59: RWBR | AV59: M
C60: KHR | D60: 081526 | E60: 3012 | F60: E2 | L60: =IF(IF($AT60<>"",VLOOKUP(CONCATENATE($AT60,$AU60,$AV60,$F60),'SKU Dist'!$E$2:$X$200,'SKU Dist'!F$1,FALSE),"")=0,"",IF($AT60<>"",VLOOKUP(CONCATENATE($AT60,$AU60,$AV60,$F60),'SKU Dist'!$E$2:$X$200,'SKU Dist'!F$1,FALSE),"")) | M60: =IF(IF($AT60<>"",VLOOKUP(CONCATENATE($AT60,$AU60,$AV60,$F60),'SKU Dist'!$E$2:$X$200,'SKU Dist'!G$1,FALSE),"")=0,"",IF($AT60<>"",VLOOKUP(CONCATENATE($AT60,$AU60,$AV60,$F60),'SKU Dist'!$E$2:$X$200,'SKU Dist'!G$1,FALSE),"")) | N60: =IF(IF($AT60<>"",VLOOKUP(CONCATENATE($AT60,$AU60,$AV60,$F60),'SKU Dist'!$E$2:$X$200,'SKU Dist'!H$1,FALSE),"")=0,"",IF($AT60<>"",VLOOKUP(CONCATENATE($AT60,$AU60,$AV60,$F60),'SKU Dist'!$E$2:$X$200,'SKU Dist'!H$1,FALSE),"")) | O60: =IF(IF($AT60<>"",VLOOKUP(CONCATENATE($AT60,$AU60,$AV60,$F60),'SKU Dist'!$E$2:$X$200,'SKU Dist'!I$1,FALSE),"")=0,"",IF($AT60<>"",VLOOKUP(CONCATENATE($AT60,$AU60,$AV60,$F60),'SKU Dist'!$E$2:$X$200,'SKU Dist'!I$1,FALSE),"")) | P60: =IF(IF($AT60<>"",VLOOKUP(CONCATENATE($AT60,$AU60,$AV60,$F60),'SKU Dist'!$E$2:$X$200,'SKU Dist'!J$1,FALSE),"")=0,"",IF($AT60<>"",VLOOKUP(CONCATENATE($AT60,$AU60,$AV60,$F60),'SKU Dist'!$E$2:$X$200,'SKU Dist'!J$1,FALSE),"")) | Q60: =IF(IF($AT60<>"",VLOOKUP(CONCATENATE($AT60,$AU60,$AV60,$F60),'SKU Dist'!$E$2:$X$200,'SKU Dist'!K$1,FALSE),"")=0,"",IF($AT60<>"",VLOOKUP(CONCATENATE($AT60,$AU60,$AV60,$F60),'SKU Dist'!$E$2:$X$200,'SKU Dist'!K$1,FALSE),"")) | R60: =IF(IF($AT60<>"",VLOOKUP(CONCATENATE($AT60,$AU60,$AV60,$F60),'SKU Dist'!$E$2:$X$200,'SKU Dist'!L$1,FALSE),"")=0,"",IF($AT60<>"",VLOOKUP(CONCATENATE($AT60,$AU60,$AV60,$F60),'SKU Dist'!$E$2:$X$200,'SKU Dist'!L$1,FALSE),"")) | S60: =IF(IF($AT60<>"",VLOOKUP(CONCATENATE($AT60,$AU60,$AV60,$F60),'SKU Dist'!$E$2:$X$200,'SKU Dist'!M$1,FALSE),"")=0,"",IF($AT60<>"",VLOOKUP(CONCATENATE($AT60,$AU60,$AV60,$F60),'SKU Dist'!$E$2:$X$200,'SKU Dist'!M$1,FALSE),"")) | ... AA60: =IF(IF($AT60<>"",VLOOKUP(CONCATENATE($AT60,$AU60,$AV60,$F60),'SKU Dist'!$E$2:$X$200,'SKU Dist'!U$1,FALSE),"")=0,"",IF($AT60<>"",VLOOKUP(CONCATENATE($AT60,$AU60,$AV60,$F60),'SKU Dist'!$E$2:$X$200,'SKU Dist'!U$1,FALSE),"")) | AG60: =SUM(G60:AF60) -> 0 | AH60: 112.5 | AI60: =AG60*AH60 -> 0 | AU60: RWBR | AV60: M
C61: KHR | D61: 081526 | E61: 3013 | F61: B | L61: =IF(IF($AT61<>"",VLOOKUP(CONCATENATE($AT61,$AU61,$AV61,$F61),'SKU Dist'!$E$2:$X$200,'SKU Dist'!F$1,FALSE),"")=0,"",IF($AT61<>"",VLOOKUP(CONCATENATE($AT61,$AU61,$AV61,$F61),'SKU Dist'!$E$2:$X$200,'SKU Dist'!F$1,FALSE),"")) | M61: =IF(IF($AT61<>"",VLOOKUP(CONCATENATE($AT61,$AU61,$AV61,$F61),'SKU Dist'!$E$2:$X$200,'SKU Dist'!G$1,FALSE),"")=0,"",IF($AT61<>"",VLOOKUP(CONCATENATE($AT61,$AU61,$AV61,$F61),'SKU Dist'!$E$2:$X$200,'SKU Dist'!G$1,FALSE),"")) | N61: =IF(IF($AT61<>"",VLOOKUP(CONCATENATE($AT61,$AU61,$AV61,$F61),'SKU Dist'!$E$2:$X$200,'SKU Dist'!H$1,FALSE),"")=0,"",IF($AT61<>"",VLOOKUP(CONCATENATE($AT61,$AU61,$AV61,$F61),'SKU Dist'!$E$2:$X$200,'SKU Dist'!H$1,FALSE),"")) | O61: =IF(IF($AT61<>"",VLOOKUP(CONCATENATE($AT61,$AU61,$AV61,$F61),'SKU Dist'!$E$2:$X$200,'SKU Dist'!I$1,FALSE),"")=0,"",IF($AT61<>"",VLOOKUP(CONCATENATE($AT61,$AU61,$AV61,$F61),'SKU Dist'!$E$2:$X$200,'SKU Dist'!I$1,FALSE),"")) | P61: =IF(IF($AT61<>"",VLOOKUP(CONCATENATE($AT61,$AU61,$AV61,$F61),'SKU Dist'!$E$2:$X$200,'SKU Dist'!J$1,FALSE),"")=0,"",IF($AT61<>"",VLOOKUP(CONCATENATE($AT61,$AU61,$AV61,$F61),'SKU Dist'!$E$2:$X$200,'SKU Dist'!J$1,FALSE),"")) | Q61: =IF(IF($AT61<>"",VLOOKUP(CONCATENATE($AT61,$AU61,$AV61,$F61),'SKU Dist'!$E$2:$X$200,'SKU Dist'!K$1,FALSE),"")=0,"",IF($AT61<>"",VLOOKUP(CONCATENATE($AT61,$AU61,$AV61,$F61),'SKU Dist'!$E$2:$X$200,'SKU Dist'!K$1,FALSE),"")) | R61: =IF(IF($AT61<>"",VLOOKUP(CONCATENATE($AT61,$AU61,$AV61,$F61),'SKU Dist'!$E$2:$X$200,'SKU Dist'!L$1,FALSE),"")=0,"",IF($AT61<>"",VLOOKUP(CONCATENATE($AT61,$AU61,$AV61,$F61),'SKU Dist'!$E$2:$X$200,'SKU Dist'!L$1,FALSE),"")) | S61: =IF(IF($AT61<>"",VLOOKUP(CONCATENATE($AT61,$AU61,$AV61,$F61),'SKU Dist'!$E$2:$X$200,'SKU Dist'!M$1,FALSE),"")=0,"",IF($AT61<>"",VLOOKUP(CONCATENATE($AT61,$AU61,$AV61,$F61),'SKU Dist'!$E$2:$X$200,'SKU Dist'!M$1,FALSE),"")) | ... AA61: =IF(IF($AT61<>"",VLOOKUP(CONCATENATE($AT61,$AU61,$AV61,$F61),'SKU Dist'!$E$2:$X$200,'SKU Dist'!U$1,FALSE),"")=0,"",IF($AT61<>"",VLOOKUP(CONCATENATE($AT61,$AU61,$AV61,$F61),'SKU Dist'!$E$2:$X$200,'SKU Dist'!U$1,FALSE),"")) | AG61: =SUM(G61:AF61) -> 0 | AH61: 102.5 | AI61: =AG61*AH61 -> 0 | AU61: RWBR | AV61: W
C62: KHR | D62: 081526 | E62: 3013 | F62: D | L62: =IF(IF($AT62<>"",VLOOKUP(CONCATENATE($AT62,$AU62,$AV62,$F62),'SKU Dist'!$E$2:$X$200,'SKU Dist'!F$1,FALSE),"")=0,"",IF($AT62<>"",VLOOKUP(CONCATENATE($AT62,$AU62,$AV62,$F62),'SKU Dist'!$E$2:$X$200,'SKU Dist'!F$1,FALSE),"")) | M62: =IF(IF($AT62<>"",VLOOKUP(CONCATENATE($AT62,$AU62,$AV62,$F62),'SKU Dist'!$E$2:$X$200,'SKU Dist'!G$1,FALSE),"")=0,"",IF($AT62<>"",VLOOKUP(CONCATENATE($AT62,$AU62,$AV62,$F62),'SKU Dist'!$E$2:$X$200,'SKU Dist'!G$1,FALSE),"")) | N62: =IF(IF($AT62<>"",VLOOKUP(CONCATENATE($AT62,$AU62,$AV62,$F62),'SKU Dist'!$E$2:$X$200,'SKU Dist'!H$1,FALSE),"")=0,"",IF($AT62<>"",VLOOKUP(CONCATENATE($AT62,$AU62,$AV62,$F62),'SKU Dist'!$E$2:$X$200,'SKU Dist'!H$1,FALSE),"")) | O62: =IF(IF($AT62<>"",VLOOKUP(CONCATENATE($AT62,$AU62,$AV62,$F62),'SKU Dist'!$E$2:$X$200,'SKU Dist'!I$1,FALSE),"")=0,"",IF($AT62<>"",VLOOKUP(CONCATENATE($AT62,$AU62,$AV62,$F62),'SKU Dist'!$E$2:$X$200,'SKU Dist'!I$1,FALSE),"")) | P62: =IF(IF($AT62<>"",VLOOKUP(CONCATENATE($AT62,$AU62,$AV62,$F62),'SKU Dist'!$E$2:$X$200,'SKU Dist'!J$1,FALSE),"")=0,"",IF($AT62<>"",VLOOKUP(CONCATENATE($AT62,$AU62,$AV62,$F62),'SKU Dist'!$E$2:$X$200,'SKU Dist'!J$1,FALSE),"")) | Q62: =IF(IF($AT62<>"",VLOOKUP(CONCATENATE($AT62,$AU62,$AV62,$F62),'SKU Dist'!$E$2:$X$200,'SKU Dist'!K$1,FALSE),"")=0,"",IF($AT62<>"",VLOOKUP(CONCATENATE($AT62,$AU62,$AV62,$F62),'SKU Dist'!$E$2:$X$200,'SKU Dist'!K$1,FALSE),"")) | R62: =IF(IF($AT62<>"",VLOOKUP(CONCATENATE($AT62,$AU62,$AV62,$F62),'SKU Dist'!$E$2:$X$200,'SKU Dist'!L$1,FALSE),"")=0,"",IF($AT62<>"",VLOOKUP(CONCATENATE($AT62,$AU62,$AV62,$F62),'SKU Dist'!$E$2:$X$200,'SKU Dist'!L$1,FALSE),"")) | S62: =IF(IF($AT62<>"",VLOOKUP(CONCATENATE($AT62,$AU62,$AV62,$F62),'SKU Dist'!$E$2:$X$200,'SKU Dist'!M$1,FALSE),"")=0,"",IF($AT62<>"",VLOOKUP(CONCATENATE($AT62,$AU62,$AV62,$F62),'SKU Dist'!$E$2:$X$200,'SKU Dist'!M$1,FALSE),"")) | ... AA62: =IF(IF($AT62<>"",VLOOKUP(CONCATENATE($AT62,$AU62,$AV62,$F62),'SKU Dist'!$E$2:$X$200,'SKU Dist'!U$1,FALSE),"")=0,"",IF($AT62<>"",VLOOKUP(CONCATENATE($AT62,$AU62,$AV62,$F62),'SKU Dist'!$E$2:$X$200,'SKU Dist'!U$1,FALSE),"")) | AG62: =SUM(G62:AF62) -> 0 | AH62: 102.5 | AI62: =AG62*AH62 -> 0 | AU62: RWBR | AV62: W
A63: WORX | C63: KHR | D63: 081526 | E63: 5077 | F63: M | P63: =IF(IF($AT63<>"",VLOOKUP(CONCATENATE($AT63,$AU63,$AV63,$F63),'SKU Dist'!$E$2:$X$200,'SKU Dist'!J$1,FALSE),"")=0,"",IF($AT63<>"",VLOOKUP(CONCATENATE($AT63,$AU63,$AV63,$F63),'SKU Dist'!$E$2:$X$200,'SKU Dist'!J$1,FALSE),"")) | Q63: =IF(IF($AT63<>"",VLOOKUP(CONCATENATE($AT63,$AU63,$AV63,$F63),'SKU Dist'!$E$2:$X$200,'SKU Dist'!K$1,FALSE),"")=0,"",IF($AT63<>"",VLOOKUP(CONCATENATE($AT63,$AU63,$AV63,$F63),'SKU Dist'!$E$2:$X$200,'SKU Dist'!K$1,FALSE),"")) | R63: =IF(IF($AT63<>"",VLOOKUP(CONCATENATE($AT63,$AU63,$AV63,$F63),'SKU Dist'!$E$2:$X$200,'SKU Dist'!L$1,FALSE),"")=0,"",IF($AT63<>"",VLOOKUP(CONCATENATE($AT63,$AU63,$AV63,$F63),'SKU Dist'!$E$2:$X$200,'SKU Dist'!L$1,FALSE),"")) | S63: =IF(IF($AT63<>"",VLOOKUP(CONCATENATE($AT63,$AU63,$AV63,$F63),'SKU Dist'!$E$2:$X$200,'SKU Dist'!M$1,FALSE),"")=0,"",IF($AT63<>"",VLOOKUP(CONCATENATE($AT63,$AU63,$AV63,$F63),'SKU Dist'!$E$2:$X$200,'SKU Dist'!M$1,FALSE),"")) | T63: =IF(IF($AT63<>"",VLOOKUP(CONCATENATE($AT63,$AU63,$AV63,$F63),'SKU Dist'!$E$2:$X$200,'SKU Dist'!N$1,FALSE),"")=0,"",IF($AT63<>"",VLOOKUP(CONCATENATE($AT63,$AU63,$AV63,$F63),'SKU Dist'!$E$2:$X$200,'SKU Dist'!N$1,FALSE),"")) | U63: =IF(IF($AT63<>"",VLOOKUP(CONCATENATE($AT63,$AU63,$AV63,$F63),'SKU Dist'!$E$2:$X$200,'SKU Dist'!O$1,FALSE),"")=0,"",IF($AT63<>"",VLOOKUP(CONCATENATE($AT63,$AU63,$AV63,$F63),'SKU Dist'!$E$2:$X$200,'SKU Dist'!O$1,FALSE),"")) | V63: =IF(IF($AT63<>"",VLOOKUP(CONCATENATE($AT63,$AU63,$AV63,$F63),'SKU Dist'!$E$2:$X$200,'SKU Dist'!P$1,FALSE),"")=0,"",IF($AT63<>"",VLOOKUP(CONCATENATE($AT63,$AU63,$AV63,$F63),'SKU Dist'!$E$2:$X$200,'SKU Dist'!P$1,FALSE),"")) | W63: =IF(IF($AT63<>"",VLOOKUP(CONCATENATE($AT63,$AU63,$AV63,$F63),'SKU Dist'!$E$2:$X$200,'SKU Dist'!Q$1,FALSE),"")=0,"",IF($AT63<>"",VLOOKUP(CONCATENATE($AT63,$AU63,$AV63,$F63),'SKU Dist'!$E$2:$X$200,'SKU Dist'!Q$1,FALSE),"")) | ... AB63: =IF(IF($AT63<>"",VLOOKUP(CONCATENATE($AT63,$AU63,$AV63,$F63),'SKU Dist'!$E$2:$X$200,'SKU Dist'!V$1,FALSE),"")=0,"",IF($AT63<>"",VLOOKUP(CONCATENATE($AT63,$AU63,$AV63,$F63),'SKU Dist'!$E$2:$X$200,'SKU Dist'!V$1,FALSE),"")) | AG63: =SUM(G63:AF63) -> 0 | AH63: 60 | AI63: =AG63*AH63 -> 0 | AT63: =IF(E63=E54,AT54,IF(B63="","",B63)) | AU63: WORX | AV63: M
A64: Essentials Edge | C64: KHR | D64: 081526 | E64: 5077 | F64: W2 | R64: =IF(IF($AT64<>"",VLOOKUP(CONCATENATE($AT64,$AU64,$AV64,$F64),'SKU Dist'!$E$2:$X$200,'SKU Dist'!L$1,FALSE),"")=0,"",IF($AT64<>"",VLOOKUP(CONCATENATE($AT64,$AU64,$AV64,$F64),'SKU Dist'!$E$2:$X$200,'SKU Dist'!L$1,FALSE),"")) | S64: =IF(IF($AT64<>"",VLOOKUP(CONCATENATE($AT64,$AU64,$AV64,$F64),'SKU Dist'!$E$2:$X$200,'SKU Dist'!M$1,FALSE),"")=0,"",IF($AT64<>"",VLOOKUP(CONCATENATE($AT64,$AU64,$AV64,$F64),'SKU Dist'!$E$2:$X$200,'SKU Dist'!M$1,FALSE),"")) | T64: =IF(IF($AT64<>"",VLOOKUP(CONCATENATE($AT64,$AU64,$AV64,$F64),'SKU Dist'!$E$2:$X$200,'SKU Dist'!N$1,FALSE),"")=0,"",IF($AT64<>"",VLOOKUP(CONCATENATE($AT64,$AU64,$AV64,$F64),'SKU Dist'!$E$2:$X$200,'SKU Dist'!N$1,FALSE),"")) | U64: =IF(IF($AT64<>"",VLOOKUP(CONCATENATE($AT64,$AU64,$AV64,$F64),'SKU Dist'!$E$2:$X$200,'SKU Dist'!O$1,FALSE),"")=0,"",IF($AT64<>"",VLOOKUP(CONCATENATE($AT64,$AU64,$AV64,$F64),'SKU Dist'!$E$2:$X$200,'SKU Dist'!O$1,FALSE),"")) | V64: =IF(IF($AT64<>"",VLOOKUP(CONCATENATE($AT64,$AU64,$AV64,$F64),'SKU Dist'!$E$2:$X$200,'SKU Dist'!P$1,FALSE),"")=0,"",IF($AT64<>"",VLOOKUP(CONCATENATE($AT64,$AU64,$AV64,$F64),'SKU Dist'!$E$2:$X$200,'SKU Dist'!P$1,FALSE),"")) | W64: =IF(IF($AT64<>"",VLOOKUP(CONCATENATE($AT64,$AU64,$AV64,$F64),'SKU Dist'!$E$2:$X$200,'SKU Dist'!Q$1,FALSE),"")=0,"",IF($AT64<>"",VLOOKUP(CONCATENATE($AT64,$AU64,$AV64,$F64),'SKU Dist'!$E$2:$X$200,'SKU Dist'!Q$1,FALSE),"")) | X64: =IF(IF($AT64<>"",VLOOKUP(CONCATENATE($AT64,$AU64,$AV64,$F64),'SKU Dist'!$E$2:$X$200,'SKU Dist'!R$1,FALSE),"")=0,"",IF($AT64<>"",VLOOKUP(CONCATENATE($AT64,$AU64,$AV64,$F64),'SKU Dist'!$E$2:$X$200,'SKU Dist'!R$1,FALSE),"")) | Y64: =IF(IF($AT64<>"",VLOOKUP(CONCATENATE($AT64,$AU64,$AV64,$F64),'SKU Dist'!$E$2:$X$200,'SKU Dist'!S$1,FALSE),"")=0,"",IF($AT64<>"",VLOOKUP(CONCATENATE($AT64,$AU64,$AV64,$F64),'SKU Dist'!$E$2:$X$200,'SKU Dist'!S$1,FALSE),"")) | ... AB64: =IF(IF($AT64<>"",VLOOKUP(CONCATENATE($AT64,$AU64,$AV64,$F64),'SKU Dist'!$E$2:$X$200,'SKU Dist'!V$1,FALSE),"")=0,"",IF($AT64<>"",VLOOKUP(CONCATENATE($AT64,$AU64,$AV64,$F64),'SKU Dist'!$E$2:$X$200,'SKU Dist'!V$1,FALSE),"")) | AG64: =SUM(G64:AF64) -> 0 | AH64: 60 | AI64: =AG64*AH64 -> 0 | AT64: =IF(E64=E63,AT63,IF(B64="","",B64)) | AU64: WORX | AV64: M
A65: =SUM(AG63:AG66) -> 0 | C65: KHR | D65: 081526 | E65: 5193 | F65: M | L65: =IF(IF($AT65<>"",VLOOKUP(CONCATENATE($AT65,$AU65,$AV65,$F65),'SKU Dist'!$E$2:$X$200,'SKU Dist'!F$1,FALSE),"")=0,"",IF($AT65<>"",VLOOKUP(CONCATENATE($AT65,$AU65,$AV65,$F65),'SKU Dist'!$E$2:$X$200,'SKU Dist'!F$1,FALSE),"")) | M65: =IF(IF($AT65<>"",VLOOKUP(CONCATENATE($AT65,$AU65,$AV65,$F65),'SKU Dist'!$E$2:$X$200,'SKU Dist'!G$1,FALSE),"")=0,"",IF($AT65<>"",VLOOKUP(CONCATENATE($AT65,$AU65,$AV65,$F65),'SKU Dist'!$E$2:$X$200,'SKU Dist'!G$1,FALSE),"")) | N65: =IF(IF($AT65<>"",VLOOKUP(CONCATENATE($AT65,$AU65,$AV65,$F65),'SKU Dist'!$E$2:$X$200,'SKU Dist'!H$1,FALSE),"")=0,"",IF($AT65<>"",VLOOKUP(CONCATENATE($AT65,$AU65,$AV65,$F65),'SKU Dist'!$E$2:$X$200,'SKU Dist'!H$1,FALSE),"")) | O65: =IF(IF($AT65<>"",VLOOKUP(CONCATENATE($AT65,$AU65,$AV65,$F65),'SKU Dist'!$E$2:$X$200,'SKU Dist'!I$1,FALSE),"")=0,"",IF($AT65<>"",VLOOKUP(CONCATENATE($AT65,$AU65,$AV65,$F65),'SKU Dist'!$E$2:$X$200,'SKU Dist'!I$1,FALSE),"")) | P65: =IF(IF($AT65<>"",VLOOKUP(CONCATENATE($AT65,$AU65,$AV65,$F65),'SKU Dist'!$E$2:$X$200,'SKU Dist'!J$1,FALSE),"")=0,"",IF($AT65<>"",VLOOKUP(CONCATENATE($AT65,$AU65,$AV65,$F65),'SKU Dist'!$E$2:$X$200,'SKU Dist'!J$1,FALSE),"")) | Q65: =IF(IF($AT65<>"",VLOOKUP(CONCATENATE($AT65,$AU65,$AV65,$F65),'SKU Dist'!$E$2:$X$200,'SKU Dist'!K$1,FALSE),"")=0,"",IF($AT65<>"",VLOOKUP(CONCATENATE($AT65,$AU65,$AV65,$F65),'SKU Dist'!$E$2:$X$200,'SKU Dist'!K$1,FALSE),"")) | R65: =IF(IF($AT65<>"",VLOOKUP(CONCATENATE($AT65,$AU65,$AV65,$F65),'SKU Dist'!$E$2:$X$200,'SKU Dist'!L$1,FALSE),"")=0,"",IF($AT65<>"",VLOOKUP(CONCATENATE($AT65,$AU65,$AV65,$F65),'SKU Dist'!$E$2:$X$200,'SKU Dist'!L$1,FALSE),"")) | S65: =IF(IF($AT65<>"",VLOOKUP(CONCATENATE($AT65,$AU65,$AV65,$F65),'SKU Dist'!$E$2:$X$200,'SKU Dist'!M$1,FALSE),"")=0,"",IF($AT65<>"",VLOOKUP(CONCATENATE($AT65,$AU65,$AV65,$F65),'SKU Dist'!$E$2:$X$200,'SKU Dist'!M$1,FALSE),"")) | ... X65: =IF(IF($AT65<>"",VLOOKUP(CONCATENATE($AT65,$AU65,$AV65,$F65),'SKU Dist'!$E$2:$X$200,'SKU Dist'!R$1,FALSE),"")=0,"",IF($AT65<>"",VLOOKUP(CONCATENATE($AT65,$AU65,$AV65,$F65),'SKU Dist'!$E$2:$X$200,'SKU Dist'!R$1,FALSE),"")) | Z65: =IF(IF($AT65<>"",VLOOKUP(CONCATENATE($AT65,$AU65,$AV65,$F65),'SKU Dist'!$E$2:$X$200,'SKU Dist'!T$1,FALSE),"")=0,"",IF($AT65<>"",VLOOKUP(CONCATENATE($AT65,$AU65,$AV65,$F65),'SKU Dist'!$E$2:$X$200,'SKU Dist'!T$1,FALSE),"")) | AG65: =SUM(G65:AF65) -> 0 | AH65: 60 | AI65: =AG65*AH65 -> 0 | AT65: =IF(E65=E64,AT64,IF(B65="","",B65)) | AU65: WORX | AV65: W
A66: =SUM(AI63:AI66) -> 0 | C66: KHR | D66: 081526 | E66: 5193 | F66: W | L66: =IF(IF($AT66<>"",VLOOKUP(CONCATENATE($AT66,$AU66,$AV66,$F66),'SKU Dist'!$E$2:$X$200,'SKU Dist'!F$1,FALSE),"")=0,"",IF($AT66<>"",VLOOKUP(CONCATENATE($AT66,$AU66,$AV66,$F66),'SKU Dist'!$E$2:$X$200,'SKU Dist'!F$1,FALSE),"")) | M66: =IF(IF($AT66<>"",VLOOKUP(CONCATENATE($AT66,$AU66,$AV66,$F66),'SKU Dist'!$E$2:$X$200,'SKU Dist'!G$1,FALSE),"")=0,"",IF($AT66<>"",VLOOKUP(CONCATENATE($AT66,$AU66,$AV66,$F66),'SKU Dist'!$E$2:$X$200,'SKU Dist'!G$1,FALSE),"")) | N66: =IF(IF($AT66<>"",VLOOKUP(CONCATENATE($AT66,$AU66,$AV66,$F66),'SKU Dist'!$E$2:$X$200,'SKU Dist'!H$1,FALSE),"")=0,"",IF($AT66<>"",VLOOKUP(CONCATENATE($AT66,$AU66,$AV66,$F66),'SKU Dist'!$E$2:$X$200,'SKU Dist'!H$1,FALSE),"")) | O66: =IF(IF($AT66<>"",VLOOKUP(CONCATENATE($AT66,$AU66,$AV66,$F66),'SKU Dist'!$E$2:$X$200,'SKU Dist'!I$1,FALSE),"")=0,"",IF($AT66<>"",VLOOKUP(CONCATENATE($AT66,$AU66,$AV66,$F66),'SKU Dist'!$E$2:$X$200,'SKU Dist'!I$1,FALSE),"")) | P66: =IF(IF($AT66<>"",VLOOKUP(CONCATENATE($AT66,$AU66,$AV66,$F66),'SKU Dist'!$E$2:$X$200,'SKU Dist'!J$1,FALSE),"")=0,"",IF($AT66<>"",VLOOKUP(CONCATENATE($AT66,$AU66,$AV66,$F66),'SKU Dist'!$E$2:$X$200,'SKU Dist'!J$1,FALSE),"")) | Q66: =IF(IF($AT66<>"",VLOOKUP(CONCATENATE($AT66,$AU66,$AV66,$F66),'SKU Dist'!$E$2:$X$200,'SKU Dist'!K$1,FALSE),"")=0,"",IF($AT66<>"",VLOOKUP(CONCATENATE($AT66,$AU66,$AV66,$F66),'SKU Dist'!$E$2:$X$200,'SKU Dist'!K$1,FALSE),"")) | R66: =IF(IF($AT66<>"",VLOOKUP(CONCATENATE($AT66,$AU66,$AV66,$F66),'SKU Dist'!$E$2:$X$200,'SKU Dist'!L$1,FALSE),"")=0,"",IF($AT66<>"",VLOOKUP(CONCATENATE($AT66,$AU66,$AV66,$F66),'SKU Dist'!$E$2:$X$200,'SKU Dist'!L$1,FALSE),"")) | S66: =IF(IF($AT66<>"",VLOOKUP(CONCATENATE($AT66,$AU66,$AV66,$F66),'SKU Dist'!$E$2:$X$200,'SKU Dist'!M$1,FALSE),"")=0,"",IF($AT66<>"",VLOOKUP(CONCATENATE($AT66,$AU66,$AV66,$F66),'SKU Dist'!$E$2:$X$200,'SKU Dist'!M$1,FALSE),"")) | ... X66: =IF(IF($AT66<>"",VLOOKUP(CONCATENATE($AT66,$AU66,$AV66,$F66),'SKU Dist'!$E$2:$X$200,'SKU Dist'!R$1,FALSE),"")=0,"",IF($AT66<>"",VLOOKUP(CONCATENATE($AT66,$AU66,$AV66,$F66),'SKU Dist'!$E$2:$X$200,'SKU Dist'!R$1,FALSE),"")) | Z66: =IF(IF($AT66<>"",VLOOKUP(CONCATENATE($AT66,$AU66,$AV66,$F66),'SKU Dist'!$E$2:$X$200,'SKU Dist'!T$1,FALSE),"")=0,"",IF($AT66<>"",VLOOKUP(CONCATENATE($AT66,$AU66,$AV66,$F66),'SKU Dist'!$E$2:$X$200,'SKU Dist'!T$1,FALSE),"")) | AG66: =SUM(G66:AF66) -> 0 | AH66: 60 | AI66: =AG66*AH66 -> 0 | AT66: =IF(E66=E65,AT65,IF(B66="","",B66)) | AU66: WORX | AV66: W
A67: WORX | C67: KHR | D67: 081526 | E67: 5195 | F67: M | L67: =IF(IF($AT67<>"",VLOOKUP(CONCATENATE($AT67,$AU67,$AV67,$F67),'SKU Dist'!$E$2:$X$200,'SKU Dist'!F$1,FALSE),"")=0,"",IF($AT67<>"",VLOOKUP(CONCATENATE($AT67,$AU67,$AV67,$F67),'SKU Dist'!$E$2:$X$200,'SKU Dist'!F$1,FALSE),"")) | M67: =IF(IF($AT67<>"",VLOOKUP(CONCATENATE($AT67,$AU67,$AV67,$F67),'SKU Dist'!$E$2:$X$200,'SKU Dist'!G$1,FALSE),"")=0,"",IF($AT67<>"",VLOOKUP(CONCATENATE($AT67,$AU67,$AV67,$F67),'SKU Dist'!$E$2:$X$200,'SKU Dist'!G$1,FALSE),"")) | N67: =IF(IF($AT67<>"",VLOOKUP(CONCATENATE($AT67,$AU67,$AV67,$F67),'SKU Dist'!$E$2:$X$200,'SKU Dist'!H$1,FALSE),"")=0,"",IF($AT67<>"",VLOOKUP(CONCATENATE($AT67,$AU67,$AV67,$F67),'SKU Dist'!$E$2:$X$200,'SKU Dist'!H$1,FALSE),"")) | O67: =IF(IF($AT67<>"",VLOOKUP(CONCATENATE($AT67,$AU67,$AV67,$F67),'SKU Dist'!$E$2:$X$200,'SKU Dist'!I$1,FALSE),"")=0,"",IF($AT67<>"",VLOOKUP(CONCATENATE($AT67,$AU67,$AV67,$F67),'SKU Dist'!$E$2:$X$200,'SKU Dist'!I$1,FALSE),"")) | P67: =IF(IF($AT67<>"",VLOOKUP(CONCATENATE($AT67,$AU67,$AV67,$F67),'SKU Dist'!$E$2:$X$200,'SKU Dist'!J$1,FALSE),"")=0,"",IF($AT67<>"",VLOOKUP(CONCATENATE($AT67,$AU67,$AV67,$F67),'SKU Dist'!$E$2:$X$200,'SKU Dist'!J$1,FALSE),"")) | Q67: =IF(IF($AT67<>"",VLOOKUP(CONCATENATE($AT67,$AU67,$AV67,$F67),'SKU Dist'!$E$2:$X$200,'SKU Dist'!K$1,FALSE),"")=0,"",IF($AT67<>"",VLOOKUP(CONCATENATE($AT67,$AU67,$AV67,$F67),'SKU Dist'!$E$2:$X$200,'SKU Dist'!K$1,FALSE),"")) | R67: =IF(IF($AT67<>"",VLOOKUP(CONCATENATE($AT67,$AU67,$AV67,$F67),'SKU Dist'!$E$2:$X$200,'SKU Dist'!L$1,FALSE),"")=0,"",IF($AT67<>"",VLOOKUP(CONCATENATE($AT67,$AU67,$AV67,$F67),'SKU Dist'!$E$2:$X$200,'SKU Dist'!L$1,FALSE),"")) | S67: =IF(IF($AT67<>"",VLOOKUP(CONCATENATE($AT67,$AU67,$AV67,$F67),'SKU Dist'!$E$2:$X$200,'SKU Dist'!M$1,FALSE),"")=0,"",IF($AT67<>"",VLOOKUP(CONCATENATE($AT67,$AU67,$AV67,$F67),'SKU Dist'!$E$2:$X$200,'SKU Dist'!M$1,FALSE),"")) | ... X67: =IF(IF($AT67<>"",VLOOKUP(CONCATENATE($AT67,$AU67,$AV67,$F67),'SKU Dist'!$E$2:$X$200,'SKU Dist'!R$1,FALSE),"")=0,"",IF($AT67<>"",VLOOKUP(CONCATENATE($AT67,$AU67,$AV67,$F67),'SKU Dist'!$E$2:$X$200,'SKU Dist'!R$1,FALSE),"")) | Z67: =IF(IF($AT67<>"",VLOOKUP(CONCATENATE($AT67,$AU67,$AV67,$F67),'SKU Dist'!$E$2:$X$200,'SKU Dist'!T$1,FALSE),"")=0,"",IF($AT67<>"",VLOOKUP(CONCATENATE($AT67,$AU67,$AV67,$F67),'SKU Dist'!$E$2:$X$200,'SKU Dist'!T$1,FALSE),"")) | AG67: =SUM(G67:AF67) -> 0 | AH67: 72.5 | AI67: =AG67*AH67 -> 0 | AT67: =IF(E67=E66,AT66,IF(B67="","",B67)) | AU67: WORX | AV67: W
A68: Cinder | C68: KHR | D68: 081526 | E68: 5195 | F68: W | L68: =IF(IF($AT68<>"",VLOOKUP(CONCATENATE($AT68,$AU68,$AV68,$F68),'SKU Dist'!$E$2:$X$200,'SKU Dist'!F$1,FALSE),"")=0,"",IF($AT68<>"",VLOOKUP(CONCATENATE($AT68,$AU68,$AV68,$F68),'SKU Dist'!$E$2:$X$200,'SKU Dist'!F$1,FALSE),"")) | M68: =IF(IF($AT68<>"",VLOOKUP(CONCATENATE($AT68,$AU68,$AV68,$F68),'SKU Dist'!$E$2:$X$200,'SKU Dist'!G$1,FALSE),"")=0,"",IF($AT68<>"",VLOOKUP(CONCATENATE($AT68,$AU68,$AV68,$F68),'SKU Dist'!$E$2:$X$200,'SKU Dist'!G$1,FALSE),"")) | N68: =IF(IF($AT68<>"",VLOOKUP(CONCATENATE($AT68,$AU68,$AV68,$F68),'SKU Dist'!$E$2:$X$200,'SKU Dist'!H$1,FALSE),"")=0,"",IF($AT68<>"",VLOOKUP(CONCATENATE($AT68,$AU68,$AV68,$F68),'SKU Dist'!$E$2:$X$200,'SKU Dist'!H$1,FALSE),"")) | O68: =IF(IF($AT68<>"",VLOOKUP(CONCATENATE($AT68,$AU68,$AV68,$F68),'SKU Dist'!$E$2:$X$200,'SKU Dist'!I$1,FALSE),"")=0,"",IF($AT68<>"",VLOOKUP(CONCATENATE($AT68,$AU68,$AV68,$F68),'SKU Dist'!$E$2:$X$200,'SKU Dist'!I$1,FALSE),"")) | P68: =IF(IF($AT68<>"",VLOOKUP(CONCATENATE($AT68,$AU68,$AV68,$F68),'SKU Dist'!$E$2:$X$200,'SKU Dist'!J$1,FALSE),"")=0,"",IF($AT68<>"",VLOOKUP(CONCATENATE($AT68,$AU68,$AV68,$F68),'SKU Dist'!$E$2:$X$200,'SKU Dist'!J$1,FALSE),"")) | Q68: =IF(IF($AT68<>"",VLOOKUP(CONCATENATE($AT68,$AU68,$AV68,$F68),'SKU Dist'!$E$2:$X$200,'SKU Dist'!K$1,FALSE),"")=0,"",IF($AT68<>"",VLOOKUP(CONCATENATE($AT68,$AU68,$AV68,$F68),'SKU Dist'!$E$2:$X$200,'SKU Dist'!K$1,FALSE),"")) | R68: =IF(IF($AT68<>"",VLOOKUP(CONCATENATE($AT68,$AU68,$AV68,$F68),'SKU Dist'!$E$2:$X$200,'SKU Dist'!L$1,FALSE),"")=0,"",IF($AT68<>"",VLOOKUP(CONCATENATE($AT68,$AU68,$AV68,$F68),'SKU Dist'!$E$2:$X$200,'SKU Dist'!L$1,FALSE),"")) | S68: =IF(IF($AT68<>"",VLOOKUP(CONCATENATE($AT68,$AU68,$AV68,$F68),'SKU Dist'!$E$2:$X$200,'SKU Dist'!M$1,FALSE),"")=0,"",IF($AT68<>"",VLOOKUP(CONCATENATE($AT68,$AU68,$AV68,$F68),'SKU Dist'!$E$2:$X$200,'SKU Dist'!M$1,FALSE),"")) | ... X68: =IF(IF($AT68<>"",VLOOKUP(CONCATENATE($AT68,$AU68,$AV68,$F68),'SKU Dist'!$E$2:$X$200,'SKU Dist'!R$1,FALSE),"")=0,"",IF($AT68<>"",VLOOKUP(CONCATENATE($AT68,$AU68,$AV68,$F68),'SKU Dist'!$E$2:$X$200,'SKU Dist'!R$1,FALSE),"")) | AG68: =SUM(G68:AF68) -> 0 | AH68: 72.5 | AI68: =AG68*AH68 -> 0 | AT68: =IF(E68=E67,AT67,IF(B68="","",B68)) | AU68: WORX | AV68: W
A69: =SUM(AG67:AG70) -> 0 | AT69: =IF(E69=E68,AT68,IF(B69="","",B69))
A70: =SUM(AI67:AI70) -> 0 | AT70: =IF(E70=E69,AT69,IF(B70="","",B70))
A71: IRISH SETTER | N71: =IF(IF($AT71<>"",VLOOKUP(CONCATENATE($AT71,$AU71,$AV71,$F71),'SKU Dist'!$E$2:$X$200,'SKU Dist'!H$1,FALSE),"")=0,"",IF($AT71<>"",VLOOKUP(CONCATENATE($AT71,$AU71,$AV71,$F71),'SKU Dist'!$E$2:$X$200,'SKU Dist'!H$1,FALSE),"")) | O71: =IF(IF($AT71<>"",VLOOKUP(CONCATENATE($AT71,$AU71,$AV71,$F71),'SKU Dist'!$E$2:$X$200,'SKU Dist'!I$1,FALSE),"")=0,"",IF($AT71<>"",VLOOKUP(CONCATENATE($AT71,$AU71,$AV71,$F71),'SKU Dist'!$E$2:$X$200,'SKU Dist'!I$1,FALSE),"")) | P71: =IF(IF($AT71<>"",VLOOKUP(CONCATENATE($AT71,$AU71,$AV71,$F71),'SKU Dist'!$E$2:$X$200,'SKU Dist'!J$1,FALSE),"")=0,"",IF($AT71<>"",VLOOKUP(CONCATENATE($AT71,$AU71,$AV71,$F71),'SKU Dist'!$E$2:$X$200,'SKU Dist'!J$1,FALSE),"")) | Q71: =IF(IF($AT71<>"",VLOOKUP(CONCATENATE($AT71,$AU71,$AV71,$F71),'SKU Dist'!$E$2:$X$200,'SKU Dist'!K$1,FALSE),"")=0,"",IF($AT71<>"",VLOOKUP(CONCATENATE($AT71,$AU71,$AV71,$F71),'SKU Dist'!$E$2:$X$200,'SKU Dist'!K$1,FALSE),"")) | R71: =IF(IF($AT71<>"",VLOOKUP(CONCATENATE($AT71,$AU71,$AV71,$F71),'SKU Dist'!$E$2:$X$200,'SKU Dist'!L$1,FALSE),"")=0,"",IF($AT71<>"",VLOOKUP(CONCATENATE($AT71,$AU71,$AV71,$F71),'SKU Dist'!$E$2:$X$200,'SKU Dist'!L$1,FALSE),"")) | S71: =IF(IF($AT71<>"",VLOOKUP(CONCATENATE($AT71,$AU71,$AV71,$F71),'SKU Dist'!$E$2:$X$200,'SKU Dist'!M$1,FALSE),"")=0,"",IF($AT71<>"",VLOOKUP(CONCATENATE($AT71,$AU71,$AV71,$F71),'SKU Dist'!$E$2:$X$200,'SKU Dist'!M$1,FALSE),"")) | T71: =IF(IF($AT71<>"",VLOOKUP(CONCATENATE($AT71,$AU71,$AV71,$F71),'SKU Dist'!$E$2:$X$200,'SKU Dist'!N$1,FALSE),"")=0,"",IF($AT71<>"",VLOOKUP(CONCATENATE($AT71,$AU71,$AV71,$F71),'SKU Dist'!$E$2:$X$200,'SKU Dist'!N$1,FALSE),"")) | U71: =IF(IF($AT71<>"",VLOOKUP(CONCATENATE($AT71,$AU71,$AV71,$F71),'SKU Dist'!$E$2:$X$200,'SKU Dist'!O$1,FALSE),"")=0,"",IF($AT71<>"",VLOOKUP(CONCATENATE($AT71,$AU71,$AV71,$F71),'SKU Dist'!$E$2:$X$200,'SKU Dist'!O$1,FALSE),"")) | ... AC71: =IF(IF($AT71<>"",VLOOKUP(CONCATENATE($AT71,$AU71,$AV71,$F71),'SKU Dist'!$E$2:$X$200,'SKU Dist'!W$1,FALSE),"")=0,"",IF($AT71<>"",VLOOKUP(CONCATENATE($AT71,$AU71,$AV71,$F71),'SKU Dist'!$E$2:$X$200,'SKU Dist'!W$1,FALSE),"")) | AG71: =SUM(G71:AF71) -> 0 | AH71: 90 | AI71: =AG71*AH71 -> 0 | AT71: =IF(E71=E70,AT70,IF(B71="","",B71)) | AU71: Irish Setter | AV71: M
A72: Setter Fifty | P72: =IF(IF($AT72<>"",VLOOKUP(CONCATENATE($AT72,$AU72,$AV72,$F72),'SKU Dist'!$E$2:$X$200,'SKU Dist'!J$1,FALSE),"")=0,"",IF($AT72<>"",VLOOKUP(CONCATENATE($AT72,$AU72,$AV72,$F72),'SKU Dist'!$E$2:$X$200,'SKU Dist'!J$1,FALSE),"")) | Q72: =IF(IF($AT72<>"",VLOOKUP(CONCATENATE($AT72,$AU72,$AV72,$F72),'SKU Dist'!$E$2:$X$200,'SKU Dist'!K$1,FALSE),"")=0,"",IF($AT72<>"",VLOOKUP(CONCATENATE($AT72,$AU72,$AV72,$F72),'SKU Dist'!$E$2:$X$200,'SKU Dist'!K$1,FALSE),"")) | R72: =IF(IF($AT72<>"",VLOOKUP(CONCATENATE($AT72,$AU72,$AV72,$F72),'SKU Dist'!$E$2:$X$200,'SKU Dist'!L$1,FALSE),"")=0,"",IF($AT72<>"",VLOOKUP(CONCATENATE($AT72,$AU72,$AV72,$F72),'SKU Dist'!$E$2:$X$200,'SKU Dist'!L$1,FALSE),"")) | S72: =IF(IF($AT72<>"",VLOOKUP(CONCATENATE($AT72,$AU72,$AV72,$F72),'SKU Dist'!$E$2:$X$200,'SKU Dist'!M$1,FALSE),"")=0,"",IF($AT72<>"",VLOOKUP(CONCATENATE($AT72,$AU72,$AV72,$F72),'SKU Dist'!$E$2:$X$200,'SKU Dist'!M$1,FALSE),"")) | T72: =IF(IF($AT72<>"",VLOOKUP(CONCATENATE($AT72,$AU72,$AV72,$F72),'SKU Dist'!$E$2:$X$200,'SKU Dist'!N$1,FALSE),"")=0,"",IF($AT72<>"",VLOOKUP(CONCATENATE($AT72,$AU72,$AV72,$F72),'SKU Dist'!$E$2:$X$200,'SKU Dist'!N$1,FALSE),"")) | U72: =IF(IF($AT72<>"",VLOOKUP(CONCATENATE($AT72,$AU72,$AV72,$F72),'SKU Dist'!$E$2:$X$200,'SKU Dist'!O$1,FALSE),"")=0,"",IF($AT72<>"",VLOOKUP(CONCATENATE($AT72,$AU72,$AV72,$F72),'SKU Dist'!$E$2:$X$200,'SKU Dist'!O$1,FALSE),"")) | V72: =IF(IF($AT72<>"",VLOOKUP(CONCATENATE($AT72,$AU72,$AV72,$F72),'SKU Dist'!$E$2:$X$200,'SKU Dist'!P$1,FALSE),"")=0,"",IF($AT72<>"",VLOOKUP(CONCATENATE($AT72,$AU72,$AV72,$F72),'SKU Dist'!$E$2:$X$200,'SKU Dist'!P$1,FALSE),"")) | W72: =IF(IF($AT72<>"",VLOOKUP(CONCATENATE($AT72,$AU72,$AV72,$F72),'SKU Dist'!$E$2:$X$200,'SKU Dist'!Q$1,FALSE),"")=0,"",IF($AT72<>"",VLOOKUP(CONCATENATE($AT72,$AU72,$AV72,$F72),'SKU Dist'!$E$2:$X$200,'SKU Dist'!Q$1,FALSE),"")) | ... AA72: =IF(IF($AT72<>"",VLOOKUP(CONCATENATE($AT72,$AU72,$AV72,$F72),'SKU Dist'!$E$2:$X$200,'SKU Dist'!U$1,FALSE),"")=0,"",IF($AT72<>"",VLOOKUP(CONCATENATE($AT72,$AU72,$AV72,$F72),'SKU Dist'!$E$2:$X$200,'SKU Dist'!U$1,FALSE),"")) | AG72: =SUM(G72:AF72) -> 0 | AH72: 90 | AI72: =AG72*AH72 -> 0 | AT72: =IF(E72=E71,AT71,IF(B72="","",B72)) | AU72: Irish Setter | AV72: M
A73: =SUM(AG71:AG74) -> 0 | L73: =IF(IF($AT73<>"",VLOOKUP(CONCATENATE($AT73,$AU73,$AV73,$F73),'SKU Dist'!$E$2:$X$200,'SKU Dist'!F$1,FALSE),"")=0,"",IF($AT73<>"",VLOOKUP(CONCATENATE($AT73,$AU73,$AV73,$F73),'SKU Dist'!$E$2:$X$200,'SKU Dist'!F$1,FALSE),"")) | M73: =IF(IF($AT73<>"",VLOOKUP(CONCATENATE($AT73,$AU73,$AV73,$F73),'SKU Dist'!$E$2:$X$200,'SKU Dist'!G$1,FALSE),"")=0,"",IF($AT73<>"",VLOOKUP(CONCATENATE($AT73,$AU73,$AV73,$F73),'SKU Dist'!$E$2:$X$200,'SKU Dist'!G$1,FALSE),"")) | N73: =IF(IF($AT73<>"",VLOOKUP(CONCATENATE($AT73,$AU73,$AV73,$F73),'SKU Dist'!$E$2:$X$200,'SKU Dist'!H$1,FALSE),"")=0,"",IF($AT73<>"",VLOOKUP(CONCATENATE($AT73,$AU73,$AV73,$F73),'SKU Dist'!$E$2:$X$200,'SKU Dist'!H$1,FALSE),"")) | O73: =IF(IF($AT73<>"",VLOOKUP(CONCATENATE($AT73,$AU73,$AV73,$F73),'SKU Dist'!$E$2:$X$200,'SKU Dist'!I$1,FALSE),"")=0,"",IF($AT73<>"",VLOOKUP(CONCATENATE($AT73,$AU73,$AV73,$F73),'SKU Dist'!$E$2:$X$200,'SKU Dist'!I$1,FALSE),"")) | P73: =IF(IF($AT73<>"",VLOOKUP(CONCATENATE($AT73,$AU73,$AV73,$F73),'SKU Dist'!$E$2:$X$200,'SKU Dist'!J$1,FALSE),"")=0,"",IF($AT73<>"",VLOOKUP(CONCATENATE($AT73,$AU73,$AV73,$F73),'SKU Dist'!$E$2:$X$200,'SKU Dist'!J$1,FALSE),"")) | Q73: =IF(IF($AT73<>"",VLOOKUP(CONCATENATE($AT73,$AU73,$AV73,$F73),'SKU Dist'!$E$2:$X$200,'SKU Dist'!K$1,FALSE),"")=0,"",IF($AT73<>"",VLOOKUP(CONCATENATE($AT73,$AU73,$AV73,$F73),'SKU Dist'!$E$2:$X$200,'SKU Dist'!K$1,FALSE),"")) | R73: =IF(IF($AT73<>"",VLOOKUP(CONCATENATE($AT73,$AU73,$AV73,$F73),'SKU Dist'!$E$2:$X$200,'SKU Dist'!L$1,FALSE),"")=0,"",IF($AT73<>"",VLOOKUP(CONCATENATE($AT73,$AU73,$AV73,$F73),'SKU Dist'!$E$2:$X$200,'SKU Dist'!L$1,FALSE),"")) | S73: =IF(IF($AT73<>"",VLOOKUP(CONCATENATE($AT73,$AU73,$AV73,$F73),'SKU Dist'!$E$2:$X$200,'SKU Dist'!M$1,FALSE),"")=0,"",IF($AT73<>"",VLOOKUP(CONCATENATE($AT73,$AU73,$AV73,$F73),'SKU Dist'!$E$2:$X$200,'SKU Dist'!M$1,FALSE),"")) | ... V73: =IF(IF($AT73<>"",VLOOKUP(CONCATENATE($AT73,$AU73,$AV73,$F73),'SKU Dist'!$E$2:$X$200,'SKU Dist'!P$1,FALSE),"")=0,"",IF($AT73<>"",VLOOKUP(CONCATENATE($AT73,$AU73,$AV73,$F73),'SKU Dist'!$E$2:$X$200,'SKU Dist'!P$1,FALSE),"")) | X73: =IF(IF($AT73<>"",VLOOKUP(CONCATENATE($AT73,$AU73,$AV73,$F73),'SKU Dist'!$E$2:$X$200,'SKU Dist'!R$1,FALSE),"")=0,"",IF($AT73<>"",VLOOKUP(CONCATENATE($AT73,$AU73,$AV73,$F73),'SKU Dist'!$E$2:$X$200,'SKU Dist'!R$1,FALSE),"")) | AG73: =SUM(G73:AF73) -> 0 | AH73: 90 | AI73: =AG73*AH73 -> 0 | AT73: =IF(E73=E72,AT72,IF(B73="","",B73)) | AU73: Irish Setter | AV73: W
A74: =SUM(AI71:AI74) -> 0 | N74: =IF(IF($AT74<>"",VLOOKUP(CONCATENATE($AT74,$AU74,$AV74,$F74),'SKU Dist'!$E$2:$X$200,'SKU Dist'!H$1,FALSE),"")=0,"",IF($AT74<>"",VLOOKUP(CONCATENATE($AT74,$AU74,$AV74,$F74),'SKU Dist'!$E$2:$X$200,'SKU Dist'!H$1,FALSE),"")) | O74: =IF(IF($AT74<>"",VLOOKUP(CONCATENATE($AT74,$AU74,$AV74,$F74),'SKU Dist'!$E$2:$X$200,'SKU Dist'!I$1,FALSE),"")=0,"",IF($AT74<>"",VLOOKUP(CONCATENATE($AT74,$AU74,$AV74,$F74),'SKU Dist'!$E$2:$X$200,'SKU Dist'!I$1,FALSE),"")) | P74: =IF(IF($AT74<>"",VLOOKUP(CONCATENATE($AT74,$AU74,$AV74,$F74),'SKU Dist'!$E$2:$X$200,'SKU Dist'!J$1,FALSE),"")=0,"",IF($AT74<>"",VLOOKUP(CONCATENATE($AT74,$AU74,$AV74,$F74),'SKU Dist'!$E$2:$X$200,'SKU Dist'!J$1,FALSE),"")) | Q74: =IF(IF($AT74<>"",VLOOKUP(CONCATENATE($AT74,$AU74,$AV74,$F74),'SKU Dist'!$E$2:$X$200,'SKU Dist'!K$1,FALSE),"")=0,"",IF($AT74<>"",VLOOKUP(CONCATENATE($AT74,$AU74,$AV74,$F74),'SKU Dist'!$E$2:$X$200,'SKU Dist'!K$1,FALSE),"")) | R74: =IF(IF($AT74<>"",VLOOKUP(CONCATENATE($AT74,$AU74,$AV74,$F74),'SKU Dist'!$E$2:$X$200,'SKU Dist'!L$1,FALSE),"")=0,"",IF($AT74<>"",VLOOKUP(CONCATENATE($AT74,$AU74,$AV74,$F74),'SKU Dist'!$E$2:$X$200,'SKU Dist'!L$1,FALSE),"")) | S74: =IF(IF($AT74<>"",VLOOKUP(CONCATENATE($AT74,$AU74,$AV74,$F74),'SKU Dist'!$E$2:$X$200,'SKU Dist'!M$1,FALSE),"")=0,"",IF($AT74<>"",VLOOKUP(CONCATENATE($AT74,$AU74,$AV74,$F74),'SKU Dist'!$E$2:$X$200,'SKU Dist'!M$1,FALSE),"")) | T74: =IF(IF($AT74<>"",VLOOKUP(CONCATENATE($AT74,$AU74,$AV74,$F74),'SKU Dist'!$E$2:$X$200,'SKU Dist'!N$1,FALSE),"")=0,"",IF($AT74<>"",VLOOKUP(CONCATENATE($AT74,$AU74,$AV74,$F74),'SKU Dist'!$E$2:$X$200,'SKU Dist'!N$1,FALSE),"")) | U74: =IF(IF($AT74<>"",VLOOKUP(CONCATENATE($AT74,$AU74,$AV74,$F74),'SKU Dist'!$E$2:$X$200,'SKU Dist'!O$1,FALSE),"")=0,"",IF($AT74<>"",VLOOKUP(CONCATENATE($AT74,$AU74,$AV74,$F74),'SKU Dist'!$E$2:$X$200,'SKU Dist'!O$1,FALSE),"")) | V74: =IF(IF($AT74<>"",VLOOKUP(CONCATENATE($AT74,$AU74,$AV74,$F74),'SKU Dist'!$E$2:$X$200,'SKU Dist'!P$1,FALSE),"")=0,"",IF($AT74<>"",VLOOKUP(CONCATENATE($AT74,$AU74,$AV74,$F74),'SKU Dist'!$E$2:$X$200,'SKU Dist'!P$1,FALSE),"")) | AG74: =SUM(G74:AF74) -> 0 | AH74: 90 | AI74: =AG74*AH74 -> 0 | AT74: =IF(E74=E73,AT73,IF(B74="","",B74)) | AU74: Irish Setter | AV74: W
A75: IRISH SETTER | C75: KHR | D75: 071526 | E75: 3953 | F75: D | R75: =IF(IF($AT75<>"",VLOOKUP(CONCATENATE($AT75,$AU75,$AV75,$F75),'SKU Dist'!$E$2:$X$200,'SKU Dist'!L$1,FALSE),"")=0,"",IF($AT75<>"",VLOOKUP(CONCATENATE($AT75,$AU75,$AV75,$F75),'SKU Dist'!$E$2:$X$200,'SKU Dist'!L$1,FALSE),"")) | S75: =IF(IF($AT75<>"",VLOOKUP(CONCATENATE($AT75,$AU75,$AV75,$F75),'SKU Dist'!$E$2:$X$200,'SKU Dist'!M$1,FALSE),"")=0,"",IF($AT75<>"",VLOOKUP(CONCATENATE($AT75,$AU75,$AV75,$F75),'SKU Dist'!$E$2:$X$200,'SKU Dist'!M$1,FALSE),"")) | T75: =IF(IF($AT75<>"",VLOOKUP(CONCATENATE($AT75,$AU75,$AV75,$F75),'SKU Dist'!$E$2:$X$200,'SKU Dist'!N$1,FALSE),"")=0,"",IF($AT75<>"",VLOOKUP(CONCATENATE($AT75,$AU75,$AV75,$F75),'SKU Dist'!$E$2:$X$200,'SKU Dist'!N$1,FALSE),"")) | U75: =IF(IF($AT75<>"",VLOOKUP(CONCATENATE($AT75,$AU75,$AV75,$F75),'SKU Dist'!$E$2:$X$200,'SKU Dist'!O$1,FALSE),"")=0,"",IF($AT75<>"",VLOOKUP(CONCATENATE($AT75,$AU75,$AV75,$F75),'SKU Dist'!$E$2:$X$200,'SKU Dist'!O$1,FALSE),"")) | V75: =IF(IF($AT75<>"",VLOOKUP(CONCATENATE($AT75,$AU75,$AV75,$F75),'SKU Dist'!$E$2:$X$200,'SKU Dist'!P$1,FALSE),"")=0,"",IF($AT75<>"",VLOOKUP(CONCATENATE($AT75,$AU75,$AV75,$F75),'SKU Dist'!$E$2:$X$200,'SKU Dist'!P$1,FALSE),"")) | W75: =IF(IF($AT75<>"",VLOOKUP(CONCATENATE($AT75,$AU75,$AV75,$F75),'SKU Dist'!$E$2:$X$200,'SKU Dist'!Q$1,FALSE),"")=0,"",IF($AT75<>"",VLOOKUP(CONCATENATE($AT75,$AU75,$AV75,$F75),'SKU Dist'!$E$2:$X$200,'SKU Dist'!Q$1,FALSE),"")) | X75: =IF(IF($AT75<>"",VLOOKUP(CONCATENATE($AT75,$AU75,$AV75,$F75),'SKU Dist'!$E$2:$X$200,'SKU Dist'!R$1,FALSE),"")=0,"",IF($AT75<>"",VLOOKUP(CONCATENATE($AT75,$AU75,$AV75,$F75),'SKU Dist'!$E$2:$X$200,'SKU Dist'!R$1,FALSE),"")) | Y75: =IF(IF($AT75<>"",VLOOKUP(CONCATENATE($AT75,$AU75,$AV75,$F75),'SKU Dist'!$E$2:$X$200,'SKU Dist'!S$1,FALSE),"")=0,"",IF($AT75<>"",VLOOKUP(CONCATENATE($AT75,$AU75,$AV75,$F75),'SKU Dist'!$E$2:$X$200,'SKU Dist'!S$1,FALSE),"")) | ... AB75: =IF(IF($AT75<>"",VLOOKUP(CONCATENATE($AT75,$AU75,$AV75,$F75),'SKU Dist'!$E$2:$X$200,'SKU Dist'!V$1,FALSE),"")=0,"",IF($AT75<>"",VLOOKUP(CONCATENATE($AT75,$AU75,$AV75,$F75),'SKU Dist'!$E$2:$X$200,'SKU Dist'!V$1,FALSE),"")) | AG75: =SUM(G75:AF75) -> 0 | AH75: 115 | AI75: =AG75*AH75 -> 0 | AT75: =IF(E75=E74,AT74,IF(B75="","",B75)) | AU75: Irish Setter | AV75: M
A76: Trail Lock | C76: KHR | D76: 071526 | E76: 3953 | F76: E2 | R76: =IF(IF($AT76<>"",VLOOKUP(CONCATENATE($AT76,$AU76,$AV76,$F76),'SKU Dist'!$E$2:$X$200,'SKU Dist'!L$1,FALSE),"")=0,"",IF($AT76<>"",VLOOKUP(CONCATENATE($AT76,$AU76,$AV76,$F76),'SKU Dist'!$E$2:$X$200,'SKU Dist'!L$1,FALSE),"")) | S76: =IF(IF($AT76<>"",VLOOKUP(CONCATENATE($AT76,$AU76,$AV76,$F76),'SKU Dist'!$E$2:$X$200,'SKU Dist'!M$1,FALSE),"")=0,"",IF($AT76<>"",VLOOKUP(CONCATENATE($AT76,$AU76,$AV76,$F76),'SKU Dist'!$E$2:$X$200,'SKU Dist'!M$1,FALSE),"")) | T76: =IF(IF($AT76<>"",VLOOKUP(CONCATENATE($AT76,$AU76,$AV76,$F76),'SKU Dist'!$E$2:$X$200,'SKU Dist'!N$1,FALSE),"")=0,"",IF($AT76<>"",VLOOKUP(CONCATENATE($AT76,$AU76,$AV76,$F76),'SKU Dist'!$E$2:$X$200,'SKU Dist'!N$1,FALSE),"")) | U76: =IF(IF($AT76<>"",VLOOKUP(CONCATENATE($AT76,$AU76,$AV76,$F76),'SKU Dist'!$E$2:$X$200,'SKU Dist'!O$1,FALSE),"")=0,"",IF($AT76<>"",VLOOKUP(CONCATENATE($AT76,$AU76,$AV76,$F76),'SKU Dist'!$E$2:$X$200,'SKU Dist'!O$1,FALSE),"")) | V76: =IF(IF($AT76<>"",VLOOKUP(CONCATENATE($AT76,$AU76,$AV76,$F76),'SKU Dist'!$E$2:$X$200,'SKU Dist'!P$1,FALSE),"")=0,"",IF($AT76<>"",VLOOKUP(CONCATENATE($AT76,$AU76,$AV76,$F76),'SKU Dist'!$E$2:$X$200,'SKU Dist'!P$1,FALSE),"")) | W76: =IF(IF($AT76<>"",VLOOKUP(CONCATENATE($AT76,$AU76,$AV76,$F76),'SKU Dist'!$E$2:$X$200,'SKU Dist'!Q$1,FALSE),"")=0,"",IF($AT76<>"",VLOOKUP(CONCATENATE($AT76,$AU76,$AV76,$F76),'SKU Dist'!$E$2:$X$200,'SKU Dist'!Q$1,FALSE),"")) | X76: =IF(IF($AT76<>"",VLOOKUP(CONCATENATE($AT76,$AU76,$AV76,$F76),'SKU Dist'!$E$2:$X$200,'SKU Dist'!R$1,FALSE),"")=0,"",IF($AT76<>"",VLOOKUP(CONCATENATE($AT76,$AU76,$AV76,$F76),'SKU Dist'!$E$2:$X$200,'SKU Dist'!R$1,FALSE),"")) | Y76: =IF(IF($AT76<>"",VLOOKUP(CONCATENATE($AT76,$AU76,$AV76,$F76),'SKU Dist'!$E$2:$X$200,'SKU Dist'!S$1,FALSE),"")=0,"",IF($AT76<>"",VLOOKUP(CONCATENATE($AT76,$AU76,$AV76,$F76),'SKU Dist'!$E$2:$X$200,'SKU Dist'!S$1,FALSE),"")) | ... AB76: =IF(IF($AT76<>"",VLOOKUP(CONCATENATE($AT76,$AU76,$AV76,$F76),'SKU Dist'!$E$2:$X$200,'SKU Dist'!V$1,FALSE),"")=0,"",IF($AT76<>"",VLOOKUP(CONCATENATE($AT76,$AU76,$AV76,$F76),'SKU Dist'!$E$2:$X$200,'SKU Dist'!V$1,FALSE),"")) | AG76: =SUM(G76:AF76) -> 0 | AH76: 115 | AI76: =AG76*AH76 -> 0 | AT76: =IF(E76=E75,AT75,IF(B76="","",B76)) | AU76: Irish Setter | AV76: M
A77: =SUM(AG75:AG80) -> 0 | C77: KHR | D77: 071526 | E77: 3954 | F77: D | R77: =IF(IF($AT77<>"",VLOOKUP(CONCATENATE($AT77,$AU77,$AV77,$F77),'SKU Dist'!$E$2:$X$200,'SKU Dist'!L$1,FALSE),"")=0,"",IF($AT77<>"",VLOOKUP(CONCATENATE($AT77,$AU77,$AV77,$F77),'SKU Dist'!$E$2:$X$200,'SKU Dist'!L$1,FALSE),"")) | S77: =IF(IF($AT77<>"",VLOOKUP(CONCATENATE($AT77,$AU77,$AV77,$F77),'SKU Dist'!$E$2:$X$200,'SKU Dist'!M$1,FALSE),"")=0,"",IF($AT77<>"",VLOOKUP(CONCATENATE($AT77,$AU77,$AV77,$F77),'SKU Dist'!$E$2:$X$200,'SKU Dist'!M$1,FALSE),"")) | T77: =IF(IF($AT77<>"",VLOOKUP(CONCATENATE($AT77,$AU77,$AV77,$F77),'SKU Dist'!$E$2:$X$200,'SKU Dist'!N$1,FALSE),"")=0,"",IF($AT77<>"",VLOOKUP(CONCATENATE($AT77,$AU77,$AV77,$F77),'SKU Dist'!$E$2:$X$200,'SKU Dist'!N$1,FALSE),"")) | U77: =IF(IF($AT77<>"",VLOOKUP(CONCATENATE($AT77,$AU77,$AV77,$F77),'SKU Dist'!$E$2:$X$200,'SKU Dist'!O$1,FALSE),"")=0,"",IF($AT77<>"",VLOOKUP(CONCATENATE($AT77,$AU77,$AV77,$F77),'SKU Dist'!$E$2:$X$200,'SKU Dist'!O$1,FALSE),"")) | V77: =IF(IF($AT77<>"",VLOOKUP(CONCATENATE($AT77,$AU77,$AV77,$F77),'SKU Dist'!$E$2:$X$200,'SKU Dist'!P$1,FALSE),"")=0,"",IF($AT77<>"",VLOOKUP(CONCATENATE($AT77,$AU77,$AV77,$F77),'SKU Dist'!$E$2:$X$200,'SKU Dist'!P$1,FALSE),"")) | W77: =IF(IF($AT77<>"",VLOOKUP(CONCATENATE($AT77,$AU77,$AV77,$F77),'SKU Dist'!$E$2:$X$200,'SKU Dist'!Q$1,FALSE),"")=0,"",IF($AT77<>"",VLOOKUP(CONCATENATE($AT77,$AU77,$AV77,$F77),'SKU Dist'!$E$2:$X$200,'SKU Dist'!Q$1,FALSE),"")) | X77: =IF(IF($AT77<>"",VLOOKUP(CONCATENATE($AT77,$AU77,$AV77,$F77),'SKU Dist'!$E$2:$X$200,'SKU Dist'!R$1,FALSE),"")=0,"",IF($AT77<>"",VLOOKUP(CONCATENATE($AT77,$AU77,$AV77,$F77),'SKU Dist'!$E$2:$X$200,'SKU Dist'!R$1,FALSE),"")) | Y77: =IF(IF($AT77<>"",VLOOKUP(CONCATENATE($AT77,$AU77,$AV77,$F77),'SKU Dist'!$E$2:$X$200,'SKU Dist'!S$1,FALSE),"")=0,"",IF($AT77<>"",VLOOKUP(CONCATENATE($AT77,$AU77,$AV77,$F77),'SKU Dist'!$E$2:$X$200,'SKU Dist'!S$1,FALSE),"")) | ... AB77: =IF(IF($AT77<>"",VLOOKUP(CONCATENATE($AT77,$AU77,$AV77,$F77),'SKU Dist'!$E$2:$X$200,'SKU Dist'!V$1,FALSE),"")=0,"",IF($AT77<>"",VLOOKUP(CONCATENATE($AT77,$AU77,$AV77,$F77),'SKU Dist'!$E$2:$X$200,'SKU Dist'!V$1,FALSE),"")) | AG77: =SUM(G77:AF77) -> 0 | AH77: 120 | AI77: =AG77*AH77 -> 0 | AT77: =IF(E77=E76,AT76,IF(B77="","",B77)) | AU77: Irish Setter | AV77: M
A78: =SUM(AI75:AI80) -> 0 | C78: KHR | D78: 071526 | E78: 3954 | F78: E2 | R78: =IF(IF($AT78<>"",VLOOKUP(CONCATENATE($AT78,$AU78,$AV78,$F78),'SKU Dist'!$E$2:$X$200,'SKU Dist'!L$1,FALSE),"")=0,"",IF($AT78<>"",VLOOKUP(CONCATENATE($AT78,$AU78,$AV78,$F78),'SKU Dist'!$E$2:$X$200,'SKU Dist'!L$1,FALSE),"")) | S78: =IF(IF($AT78<>"",VLOOKUP(CONCATENATE($AT78,$AU78,$AV78,$F78),'SKU Dist'!$E$2:$X$200,'SKU Dist'!M$1,FALSE),"")=0,"",IF($AT78<>"",VLOOKUP(CONCATENATE($AT78,$AU78,$AV78,$F78),'SKU Dist'!$E$2:$X$200,'SKU Dist'!M$1,FALSE),"")) | T78: =IF(IF($AT78<>"",VLOOKUP(CONCATENATE($AT78,$AU78,$AV78,$F78),'SKU Dist'!$E$2:$X$200,'SKU Dist'!N$1,FALSE),"")=0,"",IF($AT78<>"",VLOOKUP(CONCATENATE($AT78,$AU78,$AV78,$F78),'SKU Dist'!$E$2:$X$200,'SKU Dist'!N$1,FALSE),"")) | U78: =IF(IF($AT78<>"",VLOOKUP(CONCATENATE($AT78,$AU78,$AV78,$F78),'SKU Dist'!$E$2:$X$200,'SKU Dist'!O$1,FALSE),"")=0,"",IF($AT78<>"",VLOOKUP(CONCATENATE($AT78,$AU78,$AV78,$F78),'SKU Dist'!$E$2:$X$200,'SKU Dist'!O$1,FALSE),"")) | V78: =IF(IF($AT78<>"",VLOOKUP(CONCATENATE($AT78,$AU78,$AV78,$F78),'SKU Dist'!$E$2:$X$200,'SKU Dist'!P$1,FALSE),"")=0,"",IF($AT78<>"",VLOOKUP(CONCATENATE($AT78,$AU78,$AV78,$F78),'SKU Dist'!$E$2:$X$200,'SKU Dist'!P$1,FALSE),"")) | W78: =IF(IF($AT78<>"",VLOOKUP(CONCATENATE($AT78,$AU78,$AV78,$F78),'SKU Dist'!$E$2:$X$200,'SKU Dist'!Q$1,FALSE),"")=0,"",IF($AT78<>"",VLOOKUP(CONCATENATE($AT78,$AU78,$AV78,$F78),'SKU Dist'!$E$2:$X$200,'SKU Dist'!Q$1,FALSE),"")) | X78: =IF(IF($AT78<>"",VLOOKUP(CONCATENATE($AT78,$AU78,$AV78,$F78),'SKU Dist'!$E$2:$X$200,'SKU Dist'!R$1,FALSE),"")=0,"",IF($AT78<>"",VLOOKUP(CONCATENATE($AT78,$AU78,$AV78,$F78),'SKU Dist'!$E$2:$X$200,'SKU Dist'!R$1,FALSE),"")) | Y78: =IF(IF($AT78<>"",VLOOKUP(CONCATENATE($AT78,$AU78,$AV78,$F78),'SKU Dist'!$E$2:$X$200,'SKU Dist'!S$1,FALSE),"")=0,"",IF($AT78<>"",VLOOKUP(CONCATENATE($AT78,$AU78,$AV78,$F78),'SKU Dist'!$E$2:$X$200,'SKU Dist'!S$1,FALSE),"")) | ... AB78: =IF(IF($AT78<>"",VLOOKUP(CONCATENATE($AT78,$AU78,$AV78,$F78),'SKU Dist'!$E$2:$X$200,'SKU Dist'!V$1,FALSE),"")=0,"",IF($AT78<>"",VLOOKUP(CONCATENATE($AT78,$AU78,$AV78,$F78),'SKU Dist'!$E$2:$X$200,'SKU Dist'!V$1,FALSE),"")) | AG78: =SUM(G78:AF78) -> 0 | AH78: 120 | AI78: =AG78*AH78 -> 0 | AT78: =IF(E78=E77,AT77,IF(B78="","",B78)) | AU78: Irish Setter | AV78: M
C79: KHR | D79: 071526 | E79: 3955 | F79: D | R79: =IF(IF($AT79<>"",VLOOKUP(CONCATENATE($AT79,$AU79,$AV79,$F79),'SKU Dist'!$E$2:$X$200,'SKU Dist'!L$1,FALSE),"")=0,"",IF($AT79<>"",VLOOKUP(CONCATENATE($AT79,$AU79,$AV79,$F79),'SKU Dist'!$E$2:$X$200,'SKU Dist'!L$1,FALSE),"")) | S79: =IF(IF($AT79<>"",VLOOKUP(CONCATENATE($AT79,$AU79,$AV79,$F79),'SKU Dist'!$E$2:$X$200,'SKU Dist'!M$1,FALSE),"")=0,"",IF($AT79<>"",VLOOKUP(CONCATENATE($AT79,$AU79,$AV79,$F79),'SKU Dist'!$E$2:$X$200,'SKU Dist'!M$1,FALSE),"")) | T79: =IF(IF($AT79<>"",VLOOKUP(CONCATENATE($AT79,$AU79,$AV79,$F79),'SKU Dist'!$E$2:$X$200,'SKU Dist'!N$1,FALSE),"")=0,"",IF($AT79<>"",VLOOKUP(CONCATENATE($AT79,$AU79,$AV79,$F79),'SKU Dist'!$E$2:$X$200,'SKU Dist'!N$1,FALSE),"")) | U79: =IF(IF($AT79<>"",VLOOKUP(CONCATENATE($AT79,$AU79,$AV79,$F79),'SKU Dist'!$E$2:$X$200,'SKU Dist'!O$1,FALSE),"")=0,"",IF($AT79<>"",VLOOKUP(CONCATENATE($AT79,$AU79,$AV79,$F79),'SKU Dist'!$E$2:$X$200,'SKU Dist'!O$1,FALSE),"")) | V79: =IF(IF($AT79<>"",VLOOKUP(CONCATENATE($AT79,$AU79,$AV79,$F79),'SKU Dist'!$E$2:$X$200,'SKU Dist'!P$1,FALSE),"")=0,"",IF($AT79<>"",VLOOKUP(CONCATENATE($AT79,$AU79,$AV79,$F79),'SKU Dist'!$E$2:$X$200,'SKU Dist'!P$1,FALSE),"")) | W79: =IF(IF($AT79<>"",VLOOKUP(CONCATENATE($AT79,$AU79,$AV79,$F79),'SKU Dist'!$E$2:$X$200,'SKU Dist'!Q$1,FALSE),"")=0,"",IF($AT79<>"",VLOOKUP(CONCATENATE($AT79,$AU79,$AV79,$F79),'SKU Dist'!$E$2:$X$200,'SKU Dist'!Q$1,FALSE),"")) | X79: =IF(IF($AT79<>"",VLOOKUP(CONCATENATE($AT79,$AU79,$AV79,$F79),'SKU Dist'!$E$2:$X$200,'SKU Dist'!R$1,FALSE),"")=0,"",IF($AT79<>"",VLOOKUP(CONCATENATE($AT79,$AU79,$AV79,$F79),'SKU Dist'!$E$2:$X$200,'SKU Dist'!R$1,FALSE),"")) | Y79: =IF(IF($AT79<>"",VLOOKUP(CONCATENATE($AT79,$AU79,$AV79,$F79),'SKU Dist'!$E$2:$X$200,'SKU Dist'!S$1,FALSE),"")=0,"",IF($AT79<>"",VLOOKUP(CONCATENATE($AT79,$AU79,$AV79,$F79),'SKU Dist'!$E$2:$X$200,'SKU Dist'!S$1,FALSE),"")) | ... AB79: =IF(IF($AT79<>"",VLOOKUP(CONCATENATE($AT79,$AU79,$AV79,$F79),'SKU Dist'!$E$2:$X$200,'SKU Dist'!V$1,FALSE),"")=0,"",IF($AT79<>"",VLOOKUP(CONCATENATE($AT79,$AU79,$AV79,$F79),'SKU Dist'!$E$2:$X$200,'SKU Dist'!V$1,FALSE),"")) | AG79: =SUM(G79:AF79) -> 0 | AH79: 120 | AI79: =AG79*AH79 -> 0 | AT79: =IF(E79=E78,AT78,IF(B79="","",B79)) | AU79: Irish Setter | AV79: M
C80: KHR | D80: 071526 | E80: 3955 | F80: E2 | R80: =IF(IF($AT80<>"",VLOOKUP(CONCATENATE($AT80,$AU80,$AV80,$F80),'SKU Dist'!$E$2:$X$200,'SKU Dist'!L$1,FALSE),"")=0,"",IF($AT80<>"",VLOOKUP(CONCATENATE($AT80,$AU80,$AV80,$F80),'SKU Dist'!$E$2:$X$200,'SKU Dist'!L$1,FALSE),"")) | S80: =IF(IF($AT80<>"",VLOOKUP(CONCATENATE($AT80,$AU80,$AV80,$F80),'SKU Dist'!$E$2:$X$200,'SKU Dist'!M$1,FALSE),"")=0,"",IF($AT80<>"",VLOOKUP(CONCATENATE($AT80,$AU80,$AV80,$F80),'SKU Dist'!$E$2:$X$200,'SKU Dist'!M$1,FALSE),"")) | T80: =IF(IF($AT80<>"",VLOOKUP(CONCATENATE($AT80,$AU80,$AV80,$F80),'SKU Dist'!$E$2:$X$200,'SKU Dist'!N$1,FALSE),"")=0,"",IF($AT80<>"",VLOOKUP(CONCATENATE($AT80,$AU80,$AV80,$F80),'SKU Dist'!$E$2:$X$200,'SKU Dist'!N$1,FALSE),"")) | U80: =IF(IF($AT80<>"",VLOOKUP(CONCATENATE($AT80,$AU80,$AV80,$F80),'SKU Dist'!$E$2:$X$200,'SKU Dist'!O$1,FALSE),"")=0,"",IF($AT80<>"",VLOOKUP(CONCATENATE($AT80,$AU80,$AV80,$F80),'SKU Dist'!$E$2:$X$200,'SKU Dist'!O$1,FALSE),"")) | V80: =IF(IF($AT80<>"",VLOOKUP(CONCATENATE($AT80,$AU80,$AV80,$F80),'SKU Dist'!$E$2:$X$200,'SKU Dist'!P$1,FALSE),"")=0,"",IF($AT80<>"",VLOOKUP(CONCATENATE($AT80,$AU80,$AV80,$F80),'SKU Dist'!$E$2:$X$200,'SKU Dist'!P$1,FALSE),"")) | W80: =IF(IF($AT80<>"",VLOOKUP(CONCATENATE($AT80,$AU80,$AV80,$F80),'SKU Dist'!$E$2:$X$200,'SKU Dist'!Q$1,FALSE),"")=0,"",IF($AT80<>"",VLOOKUP(CONCATENATE($AT80,$AU80,$AV80,$F80),'SKU Dist'!$E$2:$X$200,'SKU Dist'!Q$1,FALSE),"")) | X80: =IF(IF($AT80<>"",VLOOKUP(CONCATENATE($AT80,$AU80,$AV80,$F80),'SKU Dist'!$E$2:$X$200,'SKU Dist'!R$1,FALSE),"")=0,"",IF($AT80<>"",VLOOKUP(CONCATENATE($AT80,$AU80,$AV80,$F80),'SKU Dist'!$E$2:$X$200,'SKU Dist'!R$1,FALSE),"")) | Y80: =IF(IF($AT80<>"",VLOOKUP(CONCATENATE($AT80,$AU80,$AV80,$F80),'SKU Dist'!$E$2:$X$200,'SKU Dist'!S$1,FALSE),"")=0,"",IF($AT80<>"",VLOOKUP(CONCATENATE($AT80,$AU80,$AV80,$F80),'SKU Dist'!$E$2:$X$200,'SKU Dist'!S$1,FALSE),"")) | ... AB80: =IF(IF($AT80<>"",VLOOKUP(CONCATENATE($AT80,$AU80,$AV80,$F80),'SKU Dist'!$E$2:$X$200,'SKU Dist'!V$1,FALSE),"")=0,"",IF($AT80<>"",VLOOKUP(CONCATENATE($AT80,$AU80,$AV80,$F80),'SKU Dist'!$E$2:$X$200,'SKU Dist'!V$1,FALSE),"")) | AG80: =SUM(G80:AF80) -> 0 | AH80: 120 | AI80: =AG80*AH80 -> 0 | AT80: =IF(E80=E79,AT79,IF(B80="","",B80)) | AU80: Irish Setter | AV80: M
C81: KHR | D81: 071526 | E81: 3956 | F81: D | R81: =IF(IF($AT81<>"",VLOOKUP(CONCATENATE($AT81,$AU81,$AV81,$F81),'SKU Dist'!$E$2:$X$200,'SKU Dist'!L$1,FALSE),"")=0,"",IF($AT81<>"",VLOOKUP(CONCATENATE($AT81,$AU81,$AV81,$F81),'SKU Dist'!$E$2:$X$200,'SKU Dist'!L$1,FALSE),"")) | S81: =IF(IF($AT81<>"",VLOOKUP(CONCATENATE($AT81,$AU81,$AV81,$F81),'SKU Dist'!$E$2:$X$200,'SKU Dist'!M$1,FALSE),"")=0,"",IF($AT81<>"",VLOOKUP(CONCATENATE($AT81,$AU81,$AV81,$F81),'SKU Dist'!$E$2:$X$200,'SKU Dist'!M$1,FALSE),"")) | T81: =IF(IF($AT81<>"",VLOOKUP(CONCATENATE($AT81,$AU81,$AV81,$F81),'SKU Dist'!$E$2:$X$200,'SKU Dist'!N$1,FALSE),"")=0,"",IF($AT81<>"",VLOOKUP(CONCATENATE($AT81,$AU81,$AV81,$F81),'SKU Dist'!$E$2:$X$200,'SKU Dist'!N$1,FALSE),"")) | U81: =IF(IF($AT81<>"",VLOOKUP(CONCATENATE($AT81,$AU81,$AV81,$F81),'SKU Dist'!$E$2:$X$200,'SKU Dist'!O$1,FALSE),"")=0,"",IF($AT81<>"",VLOOKUP(CONCATENATE($AT81,$AU81,$AV81,$F81),'SKU Dist'!$E$2:$X$200,'SKU Dist'!O$1,FALSE),"")) | V81: =IF(IF($AT81<>"",VLOOKUP(CONCATENATE($AT81,$AU81,$AV81,$F81),'SKU Dist'!$E$2:$X$200,'SKU Dist'!P$1,FALSE),"")=0,"",IF($AT81<>"",VLOOKUP(CONCATENATE($AT81,$AU81,$AV81,$F81),'SKU Dist'!$E$2:$X$200,'SKU Dist'!P$1,FALSE),"")) | W81: =IF(IF($AT81<>"",VLOOKUP(CONCATENATE($AT81,$AU81,$AV81,$F81),'SKU Dist'!$E$2:$X$200,'SKU Dist'!Q$1,FALSE),"")=0,"",IF($AT81<>"",VLOOKUP(CONCATENATE($AT81,$AU81,$AV81,$F81),'SKU Dist'!$E$2:$X$200,'SKU Dist'!Q$1,FALSE),"")) | X81: =IF(IF($AT81<>"",VLOOKUP(CONCATENATE($AT81,$AU81,$AV81,$F81),'SKU Dist'!$E$2:$X$200,'SKU Dist'!R$1,FALSE),"")=0,"",IF($AT81<>"",VLOOKUP(CONCATENATE($AT81,$AU81,$AV81,$F81),'SKU Dist'!$E$2:$X$200,'SKU Dist'!R$1,FALSE),"")) | Y81: =IF(IF($AT81<>"",VLOOKUP(CONCATENATE($AT81,$AU81,$AV81,$F81),'SKU Dist'!$E$2:$X$200,'SKU Dist'!S$1,FALSE),"")=0,"",IF($AT81<>"",VLOOKUP(CONCATENATE($AT81,$AU81,$AV81,$F81),'SKU Dist'!$E$2:$X$200,'SKU Dist'!S$1,FALSE),"")) | ... AB81: =IF(IF($AT81<>"",VLOOKUP(CONCATENATE($AT81,$AU81,$AV81,$F81),'SKU Dist'!$E$2:$X$200,'SKU Dist'!V$1,FALSE),"")=0,"",IF($AT81<>"",VLOOKUP(CONCATENATE($AT81,$AU81,$AV81,$F81),'SKU Dist'!$E$2:$X$200,'SKU Dist'!V$1,FALSE),"")) | AG81: =SUM(G81:AF81) -> 0 | AH81: 125 | AI81: =AG81*AH81 -> 0 | AT81: =IF(E81=E80,AT80,IF(B81="","",B81)) | AU81: Irish Setter | AV81: M
C82: KHR | D82: 071526 | E82: 3956 | F82: E2 | R82: =IF(IF($AT82<>"",VLOOKUP(CONCATENATE($AT82,$AU82,$AV82,$F82),'SKU Dist'!$E$2:$X$200,'SKU Dist'!L$1,FALSE),"")=0,"",IF($AT82<>"",VLOOKUP(CONCATENATE($AT82,$AU82,$AV82,$F82),'SKU Dist'!$E$2:$X$200,'SKU Dist'!L$1,FALSE),"")) | S82: =IF(IF($AT82<>"",VLOOKUP(CONCATENATE($AT82,$AU82,$AV82,$F82),'SKU Dist'!$E$2:$X$200,'SKU Dist'!M$1,FALSE),"")=0,"",IF($AT82<>"",VLOOKUP(CONCATENATE($AT82,$AU82,$AV82,$F82),'SKU Dist'!$E$2:$X$200,'SKU Dist'!M$1,FALSE),"")) | T82: =IF(IF($AT82<>"",VLOOKUP(CONCATENATE($AT82,$AU82,$AV82,$F82),'SKU Dist'!$E$2:$X$200,'SKU Dist'!N$1,FALSE),"")=0,"",IF($AT82<>"",VLOOKUP(CONCATENATE($AT82,$AU82,$AV82,$F82),'SKU Dist'!$E$2:$X$200,'SKU Dist'!N$1,FALSE),"")) | U82: =IF(IF($AT82<>"",VLOOKUP(CONCATENATE($AT82,$AU82,$AV82,$F82),'SKU Dist'!$E$2:$X$200,'SKU Dist'!O$1,FALSE),"")=0,"",IF($AT82<>"",VLOOKUP(CONCATENATE($AT82,$AU82,$AV82,$F82),'SKU Dist'!$E$2:$X$200,'SKU Dist'!O$1,FALSE),"")) | V82: =IF(IF($AT82<>"",VLOOKUP(CONCATENATE($AT82,$AU82,$AV82,$F82),'SKU Dist'!$E$2:$X$200,'SKU Dist'!P$1,FALSE),"")=0,"",IF($AT82<>"",VLOOKUP(CONCATENATE($AT82,$AU82,$AV82,$F82),'SKU Dist'!$E$2:$X$200,'SKU Dist'!P$1,FALSE),"")) | W82: =IF(IF($AT82<>"",VLOOKUP(CONCATENATE($AT82,$AU82,$AV82,$F82),'SKU Dist'!$E$2:$X$200,'SKU Dist'!Q$1,FALSE),"")=0,"",IF($AT82<>"",VLOOKUP(CONCATENATE($AT82,$AU82,$AV82,$F82),'SKU Dist'!$E$2:$X$200,'SKU Dist'!Q$1,FALSE),"")) | X82: =IF(IF($AT82<>"",VLOOKUP(CONCATENATE($AT82,$AU82,$AV82,$F82),'SKU Dist'!$E$2:$X$200,'SKU Dist'!R$1,FALSE),"")=0,"",IF($AT82<>"",VLOOKUP(CONCATENATE($AT82,$AU82,$AV82,$F82),'SKU Dist'!$E$2:$X$200,'SKU Dist'!R$1,FALSE),"")) | Y82: =IF(IF($AT82<>"",VLOOKUP(CONCATENATE($AT82,$AU82,$AV82,$F82),'SKU Dist'!$E$2:$X$200,'SKU Dist'!S$1,FALSE),"")=0,"",IF($AT82<>"",VLOOKUP(CONCATENATE($AT82,$AU82,$AV82,$F82),'SKU Dist'!$E$2:$X$200,'SKU Dist'!S$1,FALSE),"")) | ... AB82: =IF(IF($AT82<>"",VLOOKUP(CONCATENATE($AT82,$AU82,$AV82,$F82),'SKU Dist'!$E$2:$X$200,'SKU Dist'!V$1,FALSE),"")=0,"",IF($AT82<>"",VLOOKUP(CONCATENATE($AT82,$AU82,$AV82,$F82),'SKU Dist'!$E$2:$X$200,'SKU Dist'!V$1,FALSE),"")) | AG82: =SUM(G82:AF82) -> 0 | AH82: 125 | AI82: =AG82*AH82 -> 0 | AT82: =IF(E82=E81,AT81,IF(B82="","",B82)) | AU82: Irish Setter | AV82: M
A83: IRISH SETTER | C83: VNR | D83: 071526 | E83: 3967 | F83: D | R83: =IF(IF($AT83<>"",VLOOKUP(CONCATENATE($AT83,$AU83,$AV83,$F83),'SKU Dist'!$E$2:$X$200,'SKU Dist'!L$1,FALSE),"")=0,"",IF($AT83<>"",VLOOKUP(CONCATENATE($AT83,$AU83,$AV83,$F83),'SKU Dist'!$E$2:$X$200,'SKU Dist'!L$1,FALSE),"")) | S83: =IF(IF($AT83<>"",VLOOKUP(CONCATENATE($AT83,$AU83,$AV83,$F83),'SKU Dist'!$E$2:$X$200,'SKU Dist'!M$1,FALSE),"")=0,"",IF($AT83<>"",VLOOKUP(CONCATENATE($AT83,$AU83,$AV83,$F83),'SKU Dist'!$E$2:$X$200,'SKU Dist'!M$1,FALSE),"")) | T83: =IF(IF($AT83<>"",VLOOKUP(CONCATENATE($AT83,$AU83,$AV83,$F83),'SKU Dist'!$E$2:$X$200,'SKU Dist'!N$1,FALSE),"")=0,"",IF($AT83<>"",VLOOKUP(CONCATENATE($AT83,$AU83,$AV83,$F83),'SKU Dist'!$E$2:$X$200,'SKU Dist'!N$1,FALSE),"")) | U83: =IF(IF($AT83<>"",VLOOKUP(CONCATENATE($AT83,$AU83,$AV83,$F83),'SKU Dist'!$E$2:$X$200,'SKU Dist'!O$1,FALSE),"")=0,"",IF($AT83<>"",VLOOKUP(CONCATENATE($AT83,$AU83,$AV83,$F83),'SKU Dist'!$E$2:$X$200,'SKU Dist'!O$1,FALSE),"")) | V83: =IF(IF($AT83<>"",VLOOKUP(CONCATENATE($AT83,$AU83,$AV83,$F83),'SKU Dist'!$E$2:$X$200,'SKU Dist'!P$1,FALSE),"")=0,"",IF($AT83<>"",VLOOKUP(CONCATENATE($AT83,$AU83,$AV83,$F83),'SKU Dist'!$E$2:$X$200,'SKU Dist'!P$1,FALSE),"")) | W83: =IF(IF($AT83<>"",VLOOKUP(CONCATENATE($AT83,$AU83,$AV83,$F83),'SKU Dist'!$E$2:$X$200,'SKU Dist'!Q$1,FALSE),"")=0,"",IF($AT83<>"",VLOOKUP(CONCATENATE($AT83,$AU83,$AV83,$F83),'SKU Dist'!$E$2:$X$200,'SKU Dist'!Q$1,FALSE),"")) | X83: =IF(IF($AT83<>"",VLOOKUP(CONCATENATE($AT83,$AU83,$AV83,$F83),'SKU Dist'!$E$2:$X$200,'SKU Dist'!R$1,FALSE),"")=0,"",IF($AT83<>"",VLOOKUP(CONCATENATE($AT83,$AU83,$AV83,$F83),'SKU Dist'!$E$2:$X$200,'SKU Dist'!R$1,FALSE),"")) | Y83: =IF(IF($AT83<>"",VLOOKUP(CONCATENATE($AT83,$AU83,$AV83,$F83),'SKU Dist'!$E$2:$X$200,'SKU Dist'!S$1,FALSE),"")=0,"",IF($AT83<>"",VLOOKUP(CONCATENATE($AT83,$AU83,$AV83,$F83),'SKU Dist'!$E$2:$X$200,'SKU Dist'!S$1,FALSE),"")) | ... AB83: =IF(IF($AT83<>"",VLOOKUP(CONCATENATE($AT83,$AU83,$AV83,$F83),'SKU Dist'!$E$2:$X$200,'SKU Dist'!V$1,FALSE),"")=0,"",IF($AT83<>"",VLOOKUP(CONCATENATE($AT83,$AU83,$AV83,$F83),'SKU Dist'!$E$2:$X$200,'SKU Dist'!V$1,FALSE),"")) | AG83: =SUM(G83:AF83) -> 0 | AH83: 117.5 | AI83: =AG83*AH83 -> 0 | AT83: =IF(E83=E80,AT80,IF(B83="","",B83)) | AU83: Irish Setter | AV83: M
A84: Trailblazer | C84: VNR | D84: 071526 | E84: 3967 | F84: E2 | R84: =IF(IF($AT84<>"",VLOOKUP(CONCATENATE($AT84,$AU84,$AV84,$F84),'SKU Dist'!$E$2:$X$200,'SKU Dist'!L$1,FALSE),"")=0,"",IF($AT84<>"",VLOOKUP(CONCATENATE($AT84,$AU84,$AV84,$F84),'SKU Dist'!$E$2:$X$200,'SKU Dist'!L$1,FALSE),"")) | S84: =IF(IF($AT84<>"",VLOOKUP(CONCATENATE($AT84,$AU84,$AV84,$F84),'SKU Dist'!$E$2:$X$200,'SKU Dist'!M$1,FALSE),"")=0,"",IF($AT84<>"",VLOOKUP(CONCATENATE($AT84,$AU84,$AV84,$F84),'SKU Dist'!$E$2:$X$200,'SKU Dist'!M$1,FALSE),"")) | T84: =IF(IF($AT84<>"",VLOOKUP(CONCATENATE($AT84,$AU84,$AV84,$F84),'SKU Dist'!$E$2:$X$200,'SKU Dist'!N$1,FALSE),"")=0,"",IF($AT84<>"",VLOOKUP(CONCATENATE($AT84,$AU84,$AV84,$F84),'SKU Dist'!$E$2:$X$200,'SKU Dist'!N$1,FALSE),"")) | U84: =IF(IF($AT84<>"",VLOOKUP(CONCATENATE($AT84,$AU84,$AV84,$F84),'SKU Dist'!$E$2:$X$200,'SKU Dist'!O$1,FALSE),"")=0,"",IF($AT84<>"",VLOOKUP(CONCATENATE($AT84,$AU84,$AV84,$F84),'SKU Dist'!$E$2:$X$200,'SKU Dist'!O$1,FALSE),"")) | V84: =IF(IF($AT84<>"",VLOOKUP(CONCATENATE($AT84,$AU84,$AV84,$F84),'SKU Dist'!$E$2:$X$200,'SKU Dist'!P$1,FALSE),"")=0,"",IF($AT84<>"",VLOOKUP(CONCATENATE($AT84,$AU84,$AV84,$F84),'SKU Dist'!$E$2:$X$200,'SKU Dist'!P$1,FALSE),"")) | W84: =IF(IF($AT84<>"",VLOOKUP(CONCATENATE($AT84,$AU84,$AV84,$F84),'SKU Dist'!$E$2:$X$200,'SKU Dist'!Q$1,FALSE),"")=0,"",IF($AT84<>"",VLOOKUP(CONCATENATE($AT84,$AU84,$AV84,$F84),'SKU Dist'!$E$2:$X$200,'SKU Dist'!Q$1,FALSE),"")) | X84: =IF(IF($AT84<>"",VLOOKUP(CONCATENATE($AT84,$AU84,$AV84,$F84),'SKU Dist'!$E$2:$X$200,'SKU Dist'!R$1,FALSE),"")=0,"",IF($AT84<>"",VLOOKUP(CONCATENATE($AT84,$AU84,$AV84,$F84),'SKU Dist'!$E$2:$X$200,'SKU Dist'!R$1,FALSE),"")) | Y84: =IF(IF($AT84<>"",VLOOKUP(CONCATENATE($AT84,$AU84,$AV84,$F84),'SKU Dist'!$E$2:$X$200,'SKU Dist'!S$1,FALSE),"")=0,"",IF($AT84<>"",VLOOKUP(CONCATENATE($AT84,$AU84,$AV84,$F84),'SKU Dist'!$E$2:$X$200,'SKU Dist'!S$1,FALSE),"")) | ... AB84: =IF(IF($AT84<>"",VLOOKUP(CONCATENATE($AT84,$AU84,$AV84,$F84),'SKU Dist'!$E$2:$X$200,'SKU Dist'!V$1,FALSE),"")=0,"",IF($AT84<>"",VLOOKUP(CONCATENATE($AT84,$AU84,$AV84,$F84),'SKU Dist'!$E$2:$X$200,'SKU Dist'!V$1,FALSE),"")) | AG84: =SUM(G84:AF84) -> 0 | AH84: 117.5 | AI84: =AG84*AH84 -> 0 | AT84: =IF(E84=E83,AT83,IF(B84="","",B84)) | AU84: Irish Setter | AV84: M
A85: =SUM(AG83:AG86) -> 0 | C85: VNR | D85: 071526 | E85: 3968 | F85: D | R85: =IF(IF($AT85<>"",VLOOKUP(CONCATENATE($AT85,$AU85,$AV85,$F85),'SKU Dist'!$E$2:$X$200,'SKU Dist'!L$1,FALSE),"")=0,"",IF($AT85<>"",VLOOKUP(CONCATENATE($AT85,$AU85,$AV85,$F85),'SKU Dist'!$E$2:$X$200,'SKU Dist'!L$1,FALSE),"")) | S85: =IF(IF($AT85<>"",VLOOKUP(CONCATENATE($AT85,$AU85,$AV85,$F85),'SKU Dist'!$E$2:$X$200,'SKU Dist'!M$1,FALSE),"")=0,"",IF($AT85<>"",VLOOKUP(CONCATENATE($AT85,$AU85,$AV85,$F85),'SKU Dist'!$E$2:$X$200,'SKU Dist'!M$1,FALSE),"")) | T85: =IF(IF($AT85<>"",VLOOKUP(CONCATENATE($AT85,$AU85,$AV85,$F85),'SKU Dist'!$E$2:$X$200,'SKU Dist'!N$1,FALSE),"")=0,"",IF($AT85<>"",VLOOKUP(CONCATENATE($AT85,$AU85,$AV85,$F85),'SKU Dist'!$E$2:$X$200,'SKU Dist'!N$1,FALSE),"")) | U85: =IF(IF($AT85<>"",VLOOKUP(CONCATENATE($AT85,$AU85,$AV85,$F85),'SKU Dist'!$E$2:$X$200,'SKU Dist'!O$1,FALSE),"")=0,"",IF($AT85<>"",VLOOKUP(CONCATENATE($AT85,$AU85,$AV85,$F85),'SKU Dist'!$E$2:$X$200,'SKU Dist'!O$1,FALSE),"")) | V85: =IF(IF($AT85<>"",VLOOKUP(CONCATENATE($AT85,$AU85,$AV85,$F85),'SKU Dist'!$E$2:$X$200,'SKU Dist'!P$1,FALSE),"")=0,"",IF($AT85<>"",VLOOKUP(CONCATENATE($AT85,$AU85,$AV85,$F85),'SKU Dist'!$E$2:$X$200,'SKU Dist'!P$1,FALSE),"")) | W85: =IF(IF($AT85<>"",VLOOKUP(CONCATENATE($AT85,$AU85,$AV85,$F85),'SKU Dist'!$E$2:$X$200,'SKU Dist'!Q$1,FALSE),"")=0,"",IF($AT85<>"",VLOOKUP(CONCATENATE($AT85,$AU85,$AV85,$F85),'SKU Dist'!$E$2:$X$200,'SKU Dist'!Q$1,FALSE),"")) | X85: =IF(IF($AT85<>"",VLOOKUP(CONCATENATE($AT85,$AU85,$AV85,$F85),'SKU Dist'!$E$2:$X$200,'SKU Dist'!R$1,FALSE),"")=0,"",IF($AT85<>"",VLOOKUP(CONCATENATE($AT85,$AU85,$AV85,$F85),'SKU Dist'!$E$2:$X$200,'SKU Dist'!R$1,FALSE),"")) | Y85: =IF(IF($AT85<>"",VLOOKUP(CONCATENATE($AT85,$AU85,$AV85,$F85),'SKU Dist'!$E$2:$X$200,'SKU Dist'!S$1,FALSE),"")=0,"",IF($AT85<>"",VLOOKUP(CONCATENATE($AT85,$AU85,$AV85,$F85),'SKU Dist'!$E$2:$X$200,'SKU Dist'!S$1,FALSE),"")) | ... AB85: =IF(IF($AT85<>"",VLOOKUP(CONCATENATE($AT85,$AU85,$AV85,$F85),'SKU Dist'!$E$2:$X$200,'SKU Dist'!V$1,FALSE),"")=0,"",IF($AT85<>"",VLOOKUP(CONCATENATE($AT85,$AU85,$AV85,$F85),'SKU Dist'!$E$2:$X$200,'SKU Dist'!V$1,FALSE),"")) | AG85: =SUM(G85:AF85) -> 0 | AH85: 117.5 | AI85: =AG85*AH85 -> 0 | AT85: =IF(E85=E84,AT84,IF(B85="","",B85)) | AU85: Irish Setter | AV85: M
A86: =SUM(AI83:AI86) -> 0 | C86: VNR | D86: 071526 | E86: 3968 | F86: E2 | R86: =IF(IF($AT86<>"",VLOOKUP(CONCATENATE($AT86,$AU86,$AV86,$F86),'SKU Dist'!$E$2:$X$200,'SKU Dist'!L$1,FALSE),"")=0,"",IF($AT86<>"",VLOOKUP(CONCATENATE($AT86,$AU86,$AV86,$F86),'SKU Dist'!$E$2:$X$200,'SKU Dist'!L$1,FALSE),"")) | S86: =IF(IF($AT86<>"",VLOOKUP(CONCATENATE($AT86,$AU86,$AV86,$F86),'SKU Dist'!$E$2:$X$200,'SKU Dist'!M$1,FALSE),"")=0,"",IF($AT86<>"",VLOOKUP(CONCATENATE($AT86,$AU86,$AV86,$F86),'SKU Dist'!$E$2:$X$200,'SKU Dist'!M$1,FALSE),"")) | T86: =IF(IF($AT86<>"",VLOOKUP(CONCATENATE($AT86,$AU86,$AV86,$F86),'SKU Dist'!$E$2:$X$200,'SKU Dist'!N$1,FALSE),"")=0,"",IF($AT86<>"",VLOOKUP(CONCATENATE($AT86,$AU86,$AV86,$F86),'SKU Dist'!$E$2:$X$200,'SKU Dist'!N$1,FALSE),"")) | U86: =IF(IF($AT86<>"",VLOOKUP(CONCATENATE($AT86,$AU86,$AV86,$F86),'SKU Dist'!$E$2:$X$200,'SKU Dist'!O$1,FALSE),"")=0,"",IF($AT86<>"",VLOOKUP(CONCATENATE($AT86,$AU86,$AV86,$F86),'SKU Dist'!$E$2:$X$200,'SKU Dist'!O$1,FALSE),"")) | V86: =IF(IF($AT86<>"",VLOOKUP(CONCATENATE($AT86,$AU86,$AV86,$F86),'SKU Dist'!$E$2:$X$200,'SKU Dist'!P$1,FALSE),"")=0,"",IF($AT86<>"",VLOOKUP(CONCATENATE($AT86,$AU86,$AV86,$F86),'SKU Dist'!$E$2:$X$200,'SKU Dist'!P$1,FALSE),"")) | W86: =IF(IF($AT86<>"",VLOOKUP(CONCATENATE($AT86,$AU86,$AV86,$F86),'SKU Dist'!$E$2:$X$200,'SKU Dist'!Q$1,FALSE),"")=0,"",IF($AT86<>"",VLOOKUP(CONCATENATE($AT86,$AU86,$AV86,$F86),'SKU Dist'!$E$2:$X$200,'SKU Dist'!Q$1,FALSE),"")) | X86: =IF(IF($AT86<>"",VLOOKUP(CONCATENATE($AT86,$AU86,$AV86,$F86),'SKU Dist'!$E$2:$X$200,'SKU Dist'!R$1,FALSE),"")=0,"",IF($AT86<>"",VLOOKUP(CONCATENATE($AT86,$AU86,$AV86,$F86),'SKU Dist'!$E$2:$X$200,'SKU Dist'!R$1,FALSE),"")) | Y86: =IF(IF($AT86<>"",VLOOKUP(CONCATENATE($AT86,$AU86,$AV86,$F86),'SKU Dist'!$E$2:$X$200,'SKU Dist'!S$1,FALSE),"")=0,"",IF($AT86<>"",VLOOKUP(CONCATENATE($AT86,$AU86,$AV86,$F86),'SKU Dist'!$E$2:$X$200,'SKU Dist'!S$1,FALSE),"")) | ... AB86: =IF(IF($AT86<>"",VLOOKUP(CONCATENATE($AT86,$AU86,$AV86,$F86),'SKU Dist'!$E$2:$X$200,'SKU Dist'!V$1,FALSE),"")=0,"",IF($AT86<>"",VLOOKUP(CONCATENATE($AT86,$AU86,$AV86,$F86),'SKU Dist'!$E$2:$X$200,'SKU Dist'!V$1,FALSE),"")) | AG86: =SUM(G86:AF86) -> 0 | AH86: 117.5 | AI86: =AG86*AH86 -> 0 | AT86: =IF(E86=E85,AT85,IF(B86="","",B86)) | AU86: Irish Setter | AV86: M
A87: IRISH SETTER | C87: VNR | D87: 071526 | E87: 84600 | F87: D | L87: =IF(IF($AT87<>"",VLOOKUP(CONCATENATE($AT87,$AU87,$AV87,$F87),'SKU Dist'!$E$2:$X$200,'SKU Dist'!F$1,FALSE),"")=0,"",IF($AT87<>"",VLOOKUP(CONCATENATE($AT87,$AU87,$AV87,$F87),'SKU Dist'!$E$2:$X$200,'SKU Dist'!F$1,FALSE),"")) | M87: =IF(IF($AT87<>"",VLOOKUP(CONCATENATE($AT87,$AU87,$AV87,$F87),'SKU Dist'!$E$2:$X$200,'SKU Dist'!G$1,FALSE),"")=0,"",IF($AT87<>"",VLOOKUP(CONCATENATE($AT87,$AU87,$AV87,$F87),'SKU Dist'!$E$2:$X$200,'SKU Dist'!G$1,FALSE),"")) | N87: =IF(IF($AT87<>"",VLOOKUP(CONCATENATE($AT87,$AU87,$AV87,$F87),'SKU Dist'!$E$2:$X$200,'SKU Dist'!H$1,FALSE),"")=0,"",IF($AT87<>"",VLOOKUP(CONCATENATE($AT87,$AU87,$AV87,$F87),'SKU Dist'!$E$2:$X$200,'SKU Dist'!H$1,FALSE),"")) | O87: =IF(IF($AT87<>"",VLOOKUP(CONCATENATE($AT87,$AU87,$AV87,$F87),'SKU Dist'!$E$2:$X$200,'SKU Dist'!I$1,FALSE),"")=0,"",IF($AT87<>"",VLOOKUP(CONCATENATE($AT87,$AU87,$AV87,$F87),'SKU Dist'!$E$2:$X$200,'SKU Dist'!I$1,FALSE),"")) | P87: =IF(IF($AT87<>"",VLOOKUP(CONCATENATE($AT87,$AU87,$AV87,$F87),'SKU Dist'!$E$2:$X$200,'SKU Dist'!J$1,FALSE),"")=0,"",IF($AT87<>"",VLOOKUP(CONCATENATE($AT87,$AU87,$AV87,$F87),'SKU Dist'!$E$2:$X$200,'SKU Dist'!J$1,FALSE),"")) | Q87: =IF(IF($AT87<>"",VLOOKUP(CONCATENATE($AT87,$AU87,$AV87,$F87),'SKU Dist'!$E$2:$X$200,'SKU Dist'!K$1,FALSE),"")=0,"",IF($AT87<>"",VLOOKUP(CONCATENATE($AT87,$AU87,$AV87,$F87),'SKU Dist'!$E$2:$X$200,'SKU Dist'!K$1,FALSE),"")) | R87: =IF(IF($AT87<>"",VLOOKUP(CONCATENATE($AT87,$AU87,$AV87,$F87),'SKU Dist'!$E$2:$X$200,'SKU Dist'!L$1,FALSE),"")=0,"",IF($AT87<>"",VLOOKUP(CONCATENATE($AT87,$AU87,$AV87,$F87),'SKU Dist'!$E$2:$X$200,'SKU Dist'!L$1,FALSE),"")) | S87: =IF(IF($AT87<>"",VLOOKUP(CONCATENATE($AT87,$AU87,$AV87,$F87),'SKU Dist'!$E$2:$X$200,'SKU Dist'!M$1,FALSE),"")=0,"",IF($AT87<>"",VLOOKUP(CONCATENATE($AT87,$AU87,$AV87,$F87),'SKU Dist'!$E$2:$X$200,'SKU Dist'!M$1,FALSE),"")) | ... AC87: =IF(IF($AT87<>"",VLOOKUP(CONCATENATE($AT87,$AU87,$AV87,$F87),'SKU Dist'!$E$2:$X$200,'SKU Dist'!W$1,FALSE),"")=0,"",IF($AT87<>"",VLOOKUP(CONCATENATE($AT87,$AU87,$AV87,$F87),'SKU Dist'!$E$2:$X$200,'SKU Dist'!W$1,FALSE),"")) | AG87: =SUM(G87:AF87) -> 0 | AH87: 75 | AI87: =AG87*AH87 -> 0 | AT87: =IF(E87=E86,AT86,IF(B87="","",B87)) | AU87: Irish Setter | AV87: M
A88: Pipestone | C88: VNR | D88: 071526 | E88: 84600 | F88: E2 | N88: =IF(IF($AT88<>"",VLOOKUP(CONCATENATE($AT88,$AU88,$AV88,$F88),'SKU Dist'!$E$2:$X$200,'SKU Dist'!H$1,FALSE),"")=0,"",IF($AT88<>"",VLOOKUP(CONCATENATE($AT88,$AU88,$AV88,$F88),'SKU Dist'!$E$2:$X$200,'SKU Dist'!H$1,FALSE),"")) | O88: =IF(IF($AT88<>"",VLOOKUP(CONCATENATE($AT88,$AU88,$AV88,$F88),'SKU Dist'!$E$2:$X$200,'SKU Dist'!I$1,FALSE),"")=0,"",IF($AT88<>"",VLOOKUP(CONCATENATE($AT88,$AU88,$AV88,$F88),'SKU Dist'!$E$2:$X$200,'SKU Dist'!I$1,FALSE),"")) | P88: =IF(IF($AT88<>"",VLOOKUP(CONCATENATE($AT88,$AU88,$AV88,$F88),'SKU Dist'!$E$2:$X$200,'SKU Dist'!J$1,FALSE),"")=0,"",IF($AT88<>"",VLOOKUP(CONCATENATE($AT88,$AU88,$AV88,$F88),'SKU Dist'!$E$2:$X$200,'SKU Dist'!J$1,FALSE),"")) | Q88: =IF(IF($AT88<>"",VLOOKUP(CONCATENATE($AT88,$AU88,$AV88,$F88),'SKU Dist'!$E$2:$X$200,'SKU Dist'!K$1,FALSE),"")=0,"",IF($AT88<>"",VLOOKUP(CONCATENATE($AT88,$AU88,$AV88,$F88),'SKU Dist'!$E$2:$X$200,'SKU Dist'!K$1,FALSE),"")) | R88: =IF(IF($AT88<>"",VLOOKUP(CONCATENATE($AT88,$AU88,$AV88,$F88),'SKU Dist'!$E$2:$X$200,'SKU Dist'!L$1,FALSE),"")=0,"",IF($AT88<>"",VLOOKUP(CONCATENATE($AT88,$AU88,$AV88,$F88),'SKU Dist'!$E$2:$X$200,'SKU Dist'!L$1,FALSE),"")) | S88: =IF(IF($AT88<>"",VLOOKUP(CONCATENATE($AT88,$AU88,$AV88,$F88),'SKU Dist'!$E$2:$X$200,'SKU Dist'!M$1,FALSE),"")=0,"",IF($AT88<>"",VLOOKUP(CONCATENATE($AT88,$AU88,$AV88,$F88),'SKU Dist'!$E$2:$X$200,'SKU Dist'!M$1,FALSE),"")) | T88: =IF(IF($AT88<>"",VLOOKUP(CONCATENATE($AT88,$AU88,$AV88,$F88),'SKU Dist'!$E$2:$X$200,'SKU Dist'!N$1,FALSE),"")=0,"",IF($AT88<>"",VLOOKUP(CONCATENATE($AT88,$AU88,$AV88,$F88),'SKU Dist'!$E$2:$X$200,'SKU Dist'!N$1,FALSE),"")) | U88: =IF(IF($AT88<>"",VLOOKUP(CONCATENATE($AT88,$AU88,$AV88,$F88),'SKU Dist'!$E$2:$X$200,'SKU Dist'!O$1,FALSE),"")=0,"",IF($AT88<>"",VLOOKUP(CONCATENATE($AT88,$AU88,$AV88,$F88),'SKU Dist'!$E$2:$X$200,'SKU Dist'!O$1,FALSE),"")) | ... AC88: =IF(IF($AT88<>"",VLOOKUP(CONCATENATE($AT88,$AU88,$AV88,$F88),'SKU Dist'!$E$2:$X$200,'SKU Dist'!W$1,FALSE),"")=0,"",IF($AT88<>"",VLOOKUP(CONCATENATE($AT88,$AU88,$AV88,$F88),'SKU Dist'!$E$2:$X$200,'SKU Dist'!W$1,FALSE),"")) | AG88: =SUM(G88:AF88) -> 0 | AH88: 75 | AI88: =AG88*AH88 -> 0 | AT88: =IF(E88=E87,AT87,IF(B88="","",B88)) | AU88: Irish Setter | AV88: M
A89: =SUM(AG87:AG94) -> 0 | C89: VNR | D89: 071526 | E89: 84602 | F89: D | L89: =IF(IF($AT89<>"",VLOOKUP(CONCATENATE($AT89,$AU89,$AV89,$F89),'SKU Dist'!$E$2:$X$200,'SKU Dist'!F$1,FALSE),"")=0,"",IF($AT89<>"",VLOOKUP(CONCATENATE($AT89,$AU89,$AV89,$F89),'SKU Dist'!$E$2:$X$200,'SKU Dist'!F$1,FALSE),"")) | M89: =IF(IF($AT89<>"",VLOOKUP(CONCATENATE($AT89,$AU89,$AV89,$F89),'SKU Dist'!$E$2:$X$200,'SKU Dist'!G$1,FALSE),"")=0,"",IF($AT89<>"",VLOOKUP(CONCATENATE($AT89,$AU89,$AV89,$F89),'SKU Dist'!$E$2:$X$200,'SKU Dist'!G$1,FALSE),"")) | N89: =IF(IF($AT89<>"",VLOOKUP(CONCATENATE($AT89,$AU89,$AV89,$F89),'SKU Dist'!$E$2:$X$200,'SKU Dist'!H$1,FALSE),"")=0,"",IF($AT89<>"",VLOOKUP(CONCATENATE($AT89,$AU89,$AV89,$F89),'SKU Dist'!$E$2:$X$200,'SKU Dist'!H$1,FALSE),"")) | O89: =IF(IF($AT89<>"",VLOOKUP(CONCATENATE($AT89,$AU89,$AV89,$F89),'SKU Dist'!$E$2:$X$200,'SKU Dist'!I$1,FALSE),"")=0,"",IF($AT89<>"",VLOOKUP(CONCATENATE($AT89,$AU89,$AV89,$F89),'SKU Dist'!$E$2:$X$200,'SKU Dist'!I$1,FALSE),"")) | P89: =IF(IF($AT89<>"",VLOOKUP(CONCATENATE($AT89,$AU89,$AV89,$F89),'SKU Dist'!$E$2:$X$200,'SKU Dist'!J$1,FALSE),"")=0,"",IF($AT89<>"",VLOOKUP(CONCATENATE($AT89,$AU89,$AV89,$F89),'SKU Dist'!$E$2:$X$200,'SKU Dist'!J$1,FALSE),"")) | Q89: =IF(IF($AT89<>"",VLOOKUP(CONCATENATE($AT89,$AU89,$AV89,$F89),'SKU Dist'!$E$2:$X$200,'SKU Dist'!K$1,FALSE),"")=0,"",IF($AT89<>"",VLOOKUP(CONCATENATE($AT89,$AU89,$AV89,$F89),'SKU Dist'!$E$2:$X$200,'SKU Dist'!K$1,FALSE),"")) | R89: =IF(IF($AT89<>"",VLOOKUP(CONCATENATE($AT89,$AU89,$AV89,$F89),'SKU Dist'!$E$2:$X$200,'SKU Dist'!L$1,FALSE),"")=0,"",IF($AT89<>"",VLOOKUP(CONCATENATE($AT89,$AU89,$AV89,$F89),'SKU Dist'!$E$2:$X$200,'SKU Dist'!L$1,FALSE),"")) | S89: =IF(IF($AT89<>"",VLOOKUP(CONCATENATE($AT89,$AU89,$AV89,$F89),'SKU Dist'!$E$2:$X$200,'SKU Dist'!M$1,FALSE),"")=0,"",IF($AT89<>"",VLOOKUP(CONCATENATE($AT89,$AU89,$AV89,$F89),'SKU Dist'!$E$2:$X$200,'SKU Dist'!M$1,FALSE),"")) | ... AC89: =IF(IF($AT89<>"",VLOOKUP(CONCATENATE($AT89,$AU89,$AV89,$F89),'SKU Dist'!$E$2:$X$200,'SKU Dist'!W$1,FALSE),"")=0,"",IF($AT89<>"",VLOOKUP(CONCATENATE($AT89,$AU89,$AV89,$F89),'SKU Dist'!$E$2:$X$200,'SKU Dist'!W$1,FALSE),"")) | AG89: =SUM(G89:AF89) -> 0 | AH89: 75 | AI89: =AG89*AH89 -> 0 | AT89: =IF(E89=E88,AT88,IF(B89="","",B89)) | AU89: Irish Setter | AV89: M
A90: =SUM(AI87:AI94) -> 0 | C90: VNR | D90: 071526 | E90: 84602 | F90: E2 | N90: =IF(IF($AT90<>"",VLOOKUP(CONCATENATE($AT90,$AU90,$AV90,$F90),'SKU Dist'!$E$2:$X$200,'SKU Dist'!H$1,FALSE),"")=0,"",IF($AT90<>"",VLOOKUP(CONCATENATE($AT90,$AU90,$AV90,$F90),'SKU Dist'!$E$2:$X$200,'SKU Dist'!H$1,FALSE),"")) | O90: =IF(IF($AT90<>"",VLOOKUP(CONCATENATE($AT90,$AU90,$AV90,$F90),'SKU Dist'!$E$2:$X$200,'SKU Dist'!I$1,FALSE),"")=0,"",IF($AT90<>"",VLOOKUP(CONCATENATE($AT90,$AU90,$AV90,$F90),'SKU Dist'!$E$2:$X$200,'SKU Dist'!I$1,FALSE),"")) | P90: =IF(IF($AT90<>"",VLOOKUP(CONCATENATE($AT90,$AU90,$AV90,$F90),'SKU Dist'!$E$2:$X$200,'SKU Dist'!J$1,FALSE),"")=0,"",IF($AT90<>"",VLOOKUP(CONCATENATE($AT90,$AU90,$AV90,$F90),'SKU Dist'!$E$2:$X$200,'SKU Dist'!J$1,FALSE),"")) | Q90: =IF(IF($AT90<>"",VLOOKUP(CONCATENATE($AT90,$AU90,$AV90,$F90),'SKU Dist'!$E$2:$X$200,'SKU Dist'!K$1,FALSE),"")=0,"",IF($AT90<>"",VLOOKUP(CONCATENATE($AT90,$AU90,$AV90,$F90),'SKU Dist'!$E$2:$X$200,'SKU Dist'!K$1,FALSE),"")) | R90: =IF(IF($AT90<>"",VLOOKUP(CONCATENATE($AT90,$AU90,$AV90,$F90),'SKU Dist'!$E$2:$X$200,'SKU Dist'!L$1,FALSE),"")=0,"",IF($AT90<>"",VLOOKUP(CONCATENATE($AT90,$AU90,$AV90,$F90),'SKU Dist'!$E$2:$X$200,'SKU Dist'!L$1,FALSE),"")) | S90: =IF(IF($AT90<>"",VLOOKUP(CONCATENATE($AT90,$AU90,$AV90,$F90),'SKU Dist'!$E$2:$X$200,'SKU Dist'!M$1,FALSE),"")=0,"",IF($AT90<>"",VLOOKUP(CONCATENATE($AT90,$AU90,$AV90,$F90),'SKU Dist'!$E$2:$X$200,'SKU Dist'!M$1,FALSE),"")) | T90: =IF(IF($AT90<>"",VLOOKUP(CONCATENATE($AT90,$AU90,$AV90,$F90),'SKU Dist'!$E$2:$X$200,'SKU Dist'!N$1,FALSE),"")=0,"",IF($AT90<>"",VLOOKUP(CONCATENATE($AT90,$AU90,$AV90,$F90),'SKU Dist'!$E$2:$X$200,'SKU Dist'!N$1,FALSE),"")) | U90: =IF(IF($AT90<>"",VLOOKUP(CONCATENATE($AT90,$AU90,$AV90,$F90),'SKU Dist'!$E$2:$X$200,'SKU Dist'!O$1,FALSE),"")=0,"",IF($AT90<>"",VLOOKUP(CONCATENATE($AT90,$AU90,$AV90,$F90),'SKU Dist'!$E$2:$X$200,'SKU Dist'!O$1,FALSE),"")) | ... AC90: =IF(IF($AT90<>"",VLOOKUP(CONCATENATE($AT90,$AU90,$AV90,$F90),'SKU Dist'!$E$2:$X$200,'SKU Dist'!W$1,FALSE),"")=0,"",IF($AT90<>"",VLOOKUP(CONCATENATE($AT90,$AU90,$AV90,$F90),'SKU Dist'!$E$2:$X$200,'SKU Dist'!W$1,FALSE),"")) | AG90: =SUM(G90:AF90) -> 0 | AH90: 75 | AI90: =AG90*AH90 -> 0 | AT90: =IF(E90=E89,AT89,IF(B90="","",B90)) | AU90: Irish Setter | AV90: M
C91: VNR | D91: 071526 | E91: 84603 | F91: D | L91: =IF(IF($AT91<>"",VLOOKUP(CONCATENATE($AT91,$AU91,$AV91,$F91),'SKU Dist'!$E$2:$X$200,'SKU Dist'!F$1,FALSE),"")=0,"",IF($AT91<>"",VLOOKUP(CONCATENATE($AT91,$AU91,$AV91,$F91),'SKU Dist'!$E$2:$X$200,'SKU Dist'!F$1,FALSE),"")) | M91: =IF(IF($AT91<>"",VLOOKUP(CONCATENATE($AT91,$AU91,$AV91,$F91),'SKU Dist'!$E$2:$X$200,'SKU Dist'!G$1,FALSE),"")=0,"",IF($AT91<>"",VLOOKUP(CONCATENATE($AT91,$AU91,$AV91,$F91),'SKU Dist'!$E$2:$X$200,'SKU Dist'!G$1,FALSE),"")) | N91: =IF(IF($AT91<>"",VLOOKUP(CONCATENATE($AT91,$AU91,$AV91,$F91),'SKU Dist'!$E$2:$X$200,'SKU Dist'!H$1,FALSE),"")=0,"",IF($AT91<>"",VLOOKUP(CONCATENATE($AT91,$AU91,$AV91,$F91),'SKU Dist'!$E$2:$X$200,'SKU Dist'!H$1,FALSE),"")) | O91: =IF(IF($AT91<>"",VLOOKUP(CONCATENATE($AT91,$AU91,$AV91,$F91),'SKU Dist'!$E$2:$X$200,'SKU Dist'!I$1,FALSE),"")=0,"",IF($AT91<>"",VLOOKUP(CONCATENATE($AT91,$AU91,$AV91,$F91),'SKU Dist'!$E$2:$X$200,'SKU Dist'!I$1,FALSE),"")) | P91: =IF(IF($AT91<>"",VLOOKUP(CONCATENATE($AT91,$AU91,$AV91,$F91),'SKU Dist'!$E$2:$X$200,'SKU Dist'!J$1,FALSE),"")=0,"",IF($AT91<>"",VLOOKUP(CONCATENATE($AT91,$AU91,$AV91,$F91),'SKU Dist'!$E$2:$X$200,'SKU Dist'!J$1,FALSE),"")) | Q91: =IF(IF($AT91<>"",VLOOKUP(CONCATENATE($AT91,$AU91,$AV91,$F91),'SKU Dist'!$E$2:$X$200,'SKU Dist'!K$1,FALSE),"")=0,"",IF($AT91<>"",VLOOKUP(CONCATENATE($AT91,$AU91,$AV91,$F91),'SKU Dist'!$E$2:$X$200,'SKU Dist'!K$1,FALSE),"")) | R91: =IF(IF($AT91<>"",VLOOKUP(CONCATENATE($AT91,$AU91,$AV91,$F91),'SKU Dist'!$E$2:$X$200,'SKU Dist'!L$1,FALSE),"")=0,"",IF($AT91<>"",VLOOKUP(CONCATENATE($AT91,$AU91,$AV91,$F91),'SKU Dist'!$E$2:$X$200,'SKU Dist'!L$1,FALSE),"")) | S91: =IF(IF($AT91<>"",VLOOKUP(CONCATENATE($AT91,$AU91,$AV91,$F91),'SKU Dist'!$E$2:$X$200,'SKU Dist'!M$1,FALSE),"")=0,"",IF($AT91<>"",VLOOKUP(CONCATENATE($AT91,$AU91,$AV91,$F91),'SKU Dist'!$E$2:$X$200,'SKU Dist'!M$1,FALSE),"")) | ... AC91: =IF(IF($AT91<>"",VLOOKUP(CONCATENATE($AT91,$AU91,$AV91,$F91),'SKU Dist'!$E$2:$X$200,'SKU Dist'!W$1,FALSE),"")=0,"",IF($AT91<>"",VLOOKUP(CONCATENATE($AT91,$AU91,$AV91,$F91),'SKU Dist'!$E$2:$X$200,'SKU Dist'!W$1,FALSE),"")) | AG91: =SUM(G91:AF91) -> 0 | AH91: 70 | AI91: =AG91*AH91 -> 0 | AT91: =IF(E91=E90,AT90,IF(B91="","",B91)) | AU91: Irish Setter | AV91: M
C92: VNR | D92: 071526 | E92: 84603 | F92: E2 | N92: =IF(IF($AT92<>"",VLOOKUP(CONCATENATE($AT92,$AU92,$AV92,$F92),'SKU Dist'!$E$2:$X$200,'SKU Dist'!H$1,FALSE),"")=0,"",IF($AT92<>"",VLOOKUP(CONCATENATE($AT92,$AU92,$AV92,$F92),'SKU Dist'!$E$2:$X$200,'SKU Dist'!H$1,FALSE),"")) | O92: =IF(IF($AT92<>"",VLOOKUP(CONCATENATE($AT92,$AU92,$AV92,$F92),'SKU Dist'!$E$2:$X$200,'SKU Dist'!I$1,FALSE),"")=0,"",IF($AT92<>"",VLOOKUP(CONCATENATE($AT92,$AU92,$AV92,$F92),'SKU Dist'!$E$2:$X$200,'SKU Dist'!I$1,FALSE),"")) | P92: =IF(IF($AT92<>"",VLOOKUP(CONCATENATE($AT92,$AU92,$AV92,$F92),'SKU Dist'!$E$2:$X$200,'SKU Dist'!J$1,FALSE),"")=0,"",IF($AT92<>"",VLOOKUP(CONCATENATE($AT92,$AU92,$AV92,$F92),'SKU Dist'!$E$2:$X$200,'SKU Dist'!J$1,FALSE),"")) | Q92: =IF(IF($AT92<>"",VLOOKUP(CONCATENATE($AT92,$AU92,$AV92,$F92),'SKU Dist'!$E$2:$X$200,'SKU Dist'!K$1,FALSE),"")=0,"",IF($AT92<>"",VLOOKUP(CONCATENATE($AT92,$AU92,$AV92,$F92),'SKU Dist'!$E$2:$X$200,'SKU Dist'!K$1,FALSE),"")) | R92: =IF(IF($AT92<>"",VLOOKUP(CONCATENATE($AT92,$AU92,$AV92,$F92),'SKU Dist'!$E$2:$X$200,'SKU Dist'!L$1,FALSE),"")=0,"",IF($AT92<>"",VLOOKUP(CONCATENATE($AT92,$AU92,$AV92,$F92),'SKU Dist'!$E$2:$X$200,'SKU Dist'!L$1,FALSE),"")) | S92: =IF(IF($AT92<>"",VLOOKUP(CONCATENATE($AT92,$AU92,$AV92,$F92),'SKU Dist'!$E$2:$X$200,'SKU Dist'!M$1,FALSE),"")=0,"",IF($AT92<>"",VLOOKUP(CONCATENATE($AT92,$AU92,$AV92,$F92),'SKU Dist'!$E$2:$X$200,'SKU Dist'!M$1,FALSE),"")) | T92: =IF(IF($AT92<>"",VLOOKUP(CONCATENATE($AT92,$AU92,$AV92,$F92),'SKU Dist'!$E$2:$X$200,'SKU Dist'!N$1,FALSE),"")=0,"",IF($AT92<>"",VLOOKUP(CONCATENATE($AT92,$AU92,$AV92,$F92),'SKU Dist'!$E$2:$X$200,'SKU Dist'!N$1,FALSE),"")) | U92: =IF(IF($AT92<>"",VLOOKUP(CONCATENATE($AT92,$AU92,$AV92,$F92),'SKU Dist'!$E$2:$X$200,'SKU Dist'!O$1,FALSE),"")=0,"",IF($AT92<>"",VLOOKUP(CONCATENATE($AT92,$AU92,$AV92,$F92),'SKU Dist'!$E$2:$X$200,'SKU Dist'!O$1,FALSE),"")) | ... AC92: =IF(IF($AT92<>"",VLOOKUP(CONCATENATE($AT92,$AU92,$AV92,$F92),'SKU Dist'!$E$2:$X$200,'SKU Dist'!W$1,FALSE),"")=0,"",IF($AT92<>"",VLOOKUP(CONCATENATE($AT92,$AU92,$AV92,$F92),'SKU Dist'!$E$2:$X$200,'SKU Dist'!W$1,FALSE),"")) | AG92: =SUM(G92:AF92) -> 0 | AH92: 70 | AI92: =AG92*AH92 -> 0 | AT92: =IF(E92=E91,AT91,IF(B92="","",B92)) | AU92: Irish Setter | AV92: M
C93: VNR | D93: 071526 | E93: 84604 | F93: D | L93: =IF(IF($AT93<>"",VLOOKUP(CONCATENATE($AT93,$AU93,$AV93,$F93),'SKU Dist'!$E$2:$X$200,'SKU Dist'!F$1,FALSE),"")=0,"",IF($AT93<>"",VLOOKUP(CONCATENATE($AT93,$AU93,$AV93,$F93),'SKU Dist'!$E$2:$X$200,'SKU Dist'!F$1,FALSE),"")) | M93: =IF(IF($AT93<>"",VLOOKUP(CONCATENATE($AT93,$AU93,$AV93,$F93),'SKU Dist'!$E$2:$X$200,'SKU Dist'!G$1,FALSE),"")=0,"",IF($AT93<>"",VLOOKUP(CONCATENATE($AT93,$AU93,$AV93,$F93),'SKU Dist'!$E$2:$X$200,'SKU Dist'!G$1,FALSE),"")) | N93: =IF(IF($AT93<>"",VLOOKUP(CONCATENATE($AT93,$AU93,$AV93,$F93),'SKU Dist'!$E$2:$X$200,'SKU Dist'!H$1,FALSE),"")=0,"",IF($AT93<>"",VLOOKUP(CONCATENATE($AT93,$AU93,$AV93,$F93),'SKU Dist'!$E$2:$X$200,'SKU Dist'!H$1,FALSE),"")) | O93: =IF(IF($AT93<>"",VLOOKUP(CONCATENATE($AT93,$AU93,$AV93,$F93),'SKU Dist'!$E$2:$X$200,'SKU Dist'!I$1,FALSE),"")=0,"",IF($AT93<>"",VLOOKUP(CONCATENATE($AT93,$AU93,$AV93,$F93),'SKU Dist'!$E$2:$X$200,'SKU Dist'!I$1,FALSE),"")) | P93: =IF(IF($AT93<>"",VLOOKUP(CONCATENATE($AT93,$AU93,$AV93,$F93),'SKU Dist'!$E$2:$X$200,'SKU Dist'!J$1,FALSE),"")=0,"",IF($AT93<>"",VLOOKUP(CONCATENATE($AT93,$AU93,$AV93,$F93),'SKU Dist'!$E$2:$X$200,'SKU Dist'!J$1,FALSE),"")) | Q93: =IF(IF($AT93<>"",VLOOKUP(CONCATENATE($AT93,$AU93,$AV93,$F93),'SKU Dist'!$E$2:$X$200,'SKU Dist'!K$1,FALSE),"")=0,"",IF($AT93<>"",VLOOKUP(CONCATENATE($AT93,$AU93,$AV93,$F93),'SKU Dist'!$E$2:$X$200,'SKU Dist'!K$1,FALSE),"")) | R93: =IF(IF($AT93<>"",VLOOKUP(CONCATENATE($AT93,$AU93,$AV93,$F93),'SKU Dist'!$E$2:$X$200,'SKU Dist'!L$1,FALSE),"")=0,"",IF($AT93<>"",VLOOKUP(CONCATENATE($AT93,$AU93,$AV93,$F93),'SKU Dist'!$E$2:$X$200,'SKU Dist'!L$1,FALSE),"")) | S93: =IF(IF($AT93<>"",VLOOKUP(CONCATENATE($AT93,$AU93,$AV93,$F93),'SKU Dist'!$E$2:$X$200,'SKU Dist'!M$1,FALSE),"")=0,"",IF($AT93<>"",VLOOKUP(CONCATENATE($AT93,$AU93,$AV93,$F93),'SKU Dist'!$E$2:$X$200,'SKU Dist'!M$1,FALSE),"")) | ... AC93: =IF(IF($AT93<>"",VLOOKUP(CONCATENATE($AT93,$AU93,$AV93,$F93),'SKU Dist'!$E$2:$X$200,'SKU Dist'!W$1,FALSE),"")=0,"",IF($AT93<>"",VLOOKUP(CONCATENATE($AT93,$AU93,$AV93,$F93),'SKU Dist'!$E$2:$X$200,'SKU Dist'!W$1,FALSE),"")) | AG93: =SUM(G93:AF93) -> 0 | AH93: 75 | AI93: =AG93*AH93 -> 0 | AT93: =IF(E93=E92,AT92,IF(B93="","",B93)) | AU93: Irish Setter | AV93: M
C94: VNR | D94: 071526 | E94: 84604 | F94: E2 | N94: =IF(IF($AT94<>"",VLOOKUP(CONCATENATE($AT94,$AU94,$AV94,$F94),'SKU Dist'!$E$2:$X$200,'SKU Dist'!H$1,FALSE),"")=0,"",IF($AT94<>"",VLOOKUP(CONCATENATE($AT94,$AU94,$AV94,$F94),'SKU Dist'!$E$2:$X$200,'SKU Dist'!H$1,FALSE),"")) | O94: =IF(IF($AT94<>"",VLOOKUP(CONCATENATE($AT94,$AU94,$AV94,$F94),'SKU Dist'!$E$2:$X$200,'SKU Dist'!I$1,FALSE),"")=0,"",IF($AT94<>"",VLOOKUP(CONCATENATE($AT94,$AU94,$AV94,$F94),'SKU Dist'!$E$2:$X$200,'SKU Dist'!I$1,FALSE),"")) | P94: =IF(IF($AT94<>"",VLOOKUP(CONCATENATE($AT94,$AU94,$AV94,$F94),'SKU Dist'!$E$2:$X$200,'SKU Dist'!J$1,FALSE),"")=0,"",IF($AT94<>"",VLOOKUP(CONCATENATE($AT94,$AU94,$AV94,$F94),'SKU Dist'!$E$2:$X$200,'SKU Dist'!J$1,FALSE),"")) | Q94: =IF(IF($AT94<>"",VLOOKUP(CONCATENATE($AT94,$AU94,$AV94,$F94),'SKU Dist'!$E$2:$X$200,'SKU Dist'!K$1,FALSE),"")=0,"",IF($AT94<>"",VLOOKUP(CONCATENATE($AT94,$AU94,$AV94,$F94),'SKU Dist'!$E$2:$X$200,'SKU Dist'!K$1,FALSE),"")) | R94: =IF(IF($AT94<>"",VLOOKUP(CONCATENATE($AT94,$AU94,$AV94,$F94),'SKU Dist'!$E$2:$X$200,'SKU Dist'!L$1,FALSE),"")=0,"",IF($AT94<>"",VLOOKUP(CONCATENATE($AT94,$AU94,$AV94,$F94),'SKU Dist'!$E$2:$X$200,'SKU Dist'!L$1,FALSE),"")) | S94: =IF(IF($AT94<>"",VLOOKUP(CONCATENATE($AT94,$AU94,$AV94,$F94),'SKU Dist'!$E$2:$X$200,'SKU Dist'!M$1,FALSE),"")=0,"",IF($AT94<>"",VLOOKUP(CONCATENATE($AT94,$AU94,$AV94,$F94),'SKU Dist'!$E$2:$X$200,'SKU Dist'!M$1,FALSE),"")) | T94: =IF(IF($AT94<>"",VLOOKUP(CONCATENATE($AT94,$AU94,$AV94,$F94),'SKU Dist'!$E$2:$X$200,'SKU Dist'!N$1,FALSE),"")=0,"",IF($AT94<>"",VLOOKUP(CONCATENATE($AT94,$AU94,$AV94,$F94),'SKU Dist'!$E$2:$X$200,'SKU Dist'!N$1,FALSE),"")) | U94: =IF(IF($AT94<>"",VLOOKUP(CONCATENATE($AT94,$AU94,$AV94,$F94),'SKU Dist'!$E$2:$X$200,'SKU Dist'!O$1,FALSE),"")=0,"",IF($AT94<>"",VLOOKUP(CONCATENATE($AT94,$AU94,$AV94,$F94),'SKU Dist'!$E$2:$X$200,'SKU Dist'!O$1,FALSE),"")) | ... AC94: =IF(IF($AT94<>"",VLOOKUP(CONCATENATE($AT94,$AU94,$AV94,$F94),'SKU Dist'!$E$2:$X$200,'SKU Dist'!W$1,FALSE),"")=0,"",IF($AT94<>"",VLOOKUP(CONCATENATE($AT94,$AU94,$AV94,$F94),'SKU Dist'!$E$2:$X$200,'SKU Dist'!W$1,FALSE),"")) | AG94: =SUM(G94:AF94) -> 0 | AH94: 75 | AI94: =AG94*AH94 -> 0 | AT94: =IF(E94=E93,AT93,IF(B94="","",B94)) | AU94: Irish Setter | AV94: M
A95: IRISH SETTER | C95: VNR | D95: 071526 | E95: 83892 | F95: D | N95: =IF(IF($AT95<>"",VLOOKUP(CONCATENATE($AT95,$AU95,$AV95,$F95),'SKU Dist'!$E$2:$X$200,'SKU Dist'!H$1,FALSE),"")=0,"",IF($AT95<>"",VLOOKUP(CONCATENATE($AT95,$AU95,$AV95,$F95),'SKU Dist'!$E$2:$X$200,'SKU Dist'!H$1,FALSE),"")) | O95: =IF(IF($AT95<>"",VLOOKUP(CONCATENATE($AT95,$AU95,$AV95,$F95),'SKU Dist'!$E$2:$X$200,'SKU Dist'!I$1,FALSE),"")=0,"",IF($AT95<>"",VLOOKUP(CONCATENATE($AT95,$AU95,$AV95,$F95),'SKU Dist'!$E$2:$X$200,'SKU Dist'!I$1,FALSE),"")) | P95: =IF(IF($AT95<>"",VLOOKUP(CONCATENATE($AT95,$AU95,$AV95,$F95),'SKU Dist'!$E$2:$X$200,'SKU Dist'!J$1,FALSE),"")=0,"",IF($AT95<>"",VLOOKUP(CONCATENATE($AT95,$AU95,$AV95,$F95),'SKU Dist'!$E$2:$X$200,'SKU Dist'!J$1,FALSE),"")) | Q95: =IF(IF($AT95<>"",VLOOKUP(CONCATENATE($AT95,$AU95,$AV95,$F95),'SKU Dist'!$E$2:$X$200,'SKU Dist'!K$1,FALSE),"")=0,"",IF($AT95<>"",VLOOKUP(CONCATENATE($AT95,$AU95,$AV95,$F95),'SKU Dist'!$E$2:$X$200,'SKU Dist'!K$1,FALSE),"")) | R95: =IF(IF($AT95<>"",VLOOKUP(CONCATENATE($AT95,$AU95,$AV95,$F95),'SKU Dist'!$E$2:$X$200,'SKU Dist'!L$1,FALSE),"")=0,"",IF($AT95<>"",VLOOKUP(CONCATENATE($AT95,$AU95,$AV95,$F95),'SKU Dist'!$E$2:$X$200,'SKU Dist'!L$1,FALSE),"")) | S95: =IF(IF($AT95<>"",VLOOKUP(CONCATENATE($AT95,$AU95,$AV95,$F95),'SKU Dist'!$E$2:$X$200,'SKU Dist'!M$1,FALSE),"")=0,"",IF($AT95<>"",VLOOKUP(CONCATENATE($AT95,$AU95,$AV95,$F95),'SKU Dist'!$E$2:$X$200,'SKU Dist'!M$1,FALSE),"")) | T95: =IF(IF($AT95<>"",VLOOKUP(CONCATENATE($AT95,$AU95,$AV95,$F95),'SKU Dist'!$E$2:$X$200,'SKU Dist'!N$1,FALSE),"")=0,"",IF($AT95<>"",VLOOKUP(CONCATENATE($AT95,$AU95,$AV95,$F95),'SKU Dist'!$E$2:$X$200,'SKU Dist'!N$1,FALSE),"")) | U95: =IF(IF($AT95<>"",VLOOKUP(CONCATENATE($AT95,$AU95,$AV95,$F95),'SKU Dist'!$E$2:$X$200,'SKU Dist'!O$1,FALSE),"")=0,"",IF($AT95<>"",VLOOKUP(CONCATENATE($AT95,$AU95,$AV95,$F95),'SKU Dist'!$E$2:$X$200,'SKU Dist'!O$1,FALSE),"")) | ... AC95: =IF(IF($AT95<>"",VLOOKUP(CONCATENATE($AT95,$AU95,$AV95,$F95),'SKU Dist'!$E$2:$X$200,'SKU Dist'!W$1,FALSE),"")=0,"",IF($AT95<>"",VLOOKUP(CONCATENATE($AT95,$AU95,$AV95,$F95),'SKU Dist'!$E$2:$X$200,'SKU Dist'!W$1,FALSE),"")) | AG95: =SUM(G95:AF95) -> 0 | AH95: 140 | AI95: =AG95*AH95 -> 0 | AT95: =IF(E95=E94,AT94,IF(B95="","",B95)) | AU95: Irish Setter | AV95: M
A96: Wingshooter XD | C96: VNR | D96: 071526 | E96: 83892 | F96: E2 | P96: =IF(IF($AT96<>"",VLOOKUP(CONCATENATE($AT96,$AU96,$AV96,$F96),'SKU Dist'!$E$2:$X$200,'SKU Dist'!J$1,FALSE),"")=0,"",IF($AT96<>"",VLOOKUP(CONCATENATE($AT96,$AU96,$AV96,$F96),'SKU Dist'!$E$2:$X$200,'SKU Dist'!J$1,FALSE),"")) | Q96: =IF(IF($AT96<>"",VLOOKUP(CONCATENATE($AT96,$AU96,$AV96,$F96),'SKU Dist'!$E$2:$X$200,'SKU Dist'!K$1,FALSE),"")=0,"",IF($AT96<>"",VLOOKUP(CONCATENATE($AT96,$AU96,$AV96,$F96),'SKU Dist'!$E$2:$X$200,'SKU Dist'!K$1,FALSE),"")) | R96: =IF(IF($AT96<>"",VLOOKUP(CONCATENATE($AT96,$AU96,$AV96,$F96),'SKU Dist'!$E$2:$X$200,'SKU Dist'!L$1,FALSE),"")=0,"",IF($AT96<>"",VLOOKUP(CONCATENATE($AT96,$AU96,$AV96,$F96),'SKU Dist'!$E$2:$X$200,'SKU Dist'!L$1,FALSE),"")) | S96: =IF(IF($AT96<>"",VLOOKUP(CONCATENATE($AT96,$AU96,$AV96,$F96),'SKU Dist'!$E$2:$X$200,'SKU Dist'!M$1,FALSE),"")=0,"",IF($AT96<>"",VLOOKUP(CONCATENATE($AT96,$AU96,$AV96,$F96),'SKU Dist'!$E$2:$X$200,'SKU Dist'!M$1,FALSE),"")) | T96: =IF(IF($AT96<>"",VLOOKUP(CONCATENATE($AT96,$AU96,$AV96,$F96),'SKU Dist'!$E$2:$X$200,'SKU Dist'!N$1,FALSE),"")=0,"",IF($AT96<>"",VLOOKUP(CONCATENATE($AT96,$AU96,$AV96,$F96),'SKU Dist'!$E$2:$X$200,'SKU Dist'!N$1,FALSE),"")) | U96: =IF(IF($AT96<>"",VLOOKUP(CONCATENATE($AT96,$AU96,$AV96,$F96),'SKU Dist'!$E$2:$X$200,'SKU Dist'!O$1,FALSE),"")=0,"",IF($AT96<>"",VLOOKUP(CONCATENATE($AT96,$AU96,$AV96,$F96),'SKU Dist'!$E$2:$X$200,'SKU Dist'!O$1,FALSE),"")) | V96: =IF(IF($AT96<>"",VLOOKUP(CONCATENATE($AT96,$AU96,$AV96,$F96),'SKU Dist'!$E$2:$X$200,'SKU Dist'!P$1,FALSE),"")=0,"",IF($AT96<>"",VLOOKUP(CONCATENATE($AT96,$AU96,$AV96,$F96),'SKU Dist'!$E$2:$X$200,'SKU Dist'!P$1,FALSE),"")) | W96: =IF(IF($AT96<>"",VLOOKUP(CONCATENATE($AT96,$AU96,$AV96,$F96),'SKU Dist'!$E$2:$X$200,'SKU Dist'!Q$1,FALSE),"")=0,"",IF($AT96<>"",VLOOKUP(CONCATENATE($AT96,$AU96,$AV96,$F96),'SKU Dist'!$E$2:$X$200,'SKU Dist'!Q$1,FALSE),"")) | ... AB96: =IF(IF($AT96<>"",VLOOKUP(CONCATENATE($AT96,$AU96,$AV96,$F96),'SKU Dist'!$E$2:$X$200,'SKU Dist'!V$1,FALSE),"")=0,"",IF($AT96<>"",VLOOKUP(CONCATENATE($AT96,$AU96,$AV96,$F96),'SKU Dist'!$E$2:$X$200,'SKU Dist'!V$1,FALSE),"")) | AG96: =SUM(G96:AF96) -> 0 | AH96: 140 | AI96: =AG96*AH96 -> 0 | AT96: =IF(E96=E95,AT95,IF(B96="","",B96)) | AU96: Irish Setter | AV96: M
A97: =SUM(AG95:AG98) -> 19 | C97: VNR | D97: 071526 | E97: 84670 | F97: D | N97: =IF(IF($AT97<>"",VLOOKUP(CONCATENATE($AT97,$AU97,$AV97,$F97),'SKU Dist'!$E$2:$X$200,'SKU Dist'!H$1,FALSE),"")=0,"",IF($AT97<>"",VLOOKUP(CONCATENATE($AT97,$AU97,$AV97,$F97),'SKU Dist'!$E$2:$X$200,'SKU Dist'!H$1,FALSE),"")) | O97: =IF(IF($AT97<>"",VLOOKUP(CONCATENATE($AT97,$AU97,$AV97,$F97),'SKU Dist'!$E$2:$X$200,'SKU Dist'!I$1,FALSE),"")=0,"",IF($AT97<>"",VLOOKUP(CONCATENATE($AT97,$AU97,$AV97,$F97),'SKU Dist'!$E$2:$X$200,'SKU Dist'!I$1,FALSE),"")) | P97: =IF(IF($AT97<>"",VLOOKUP(CONCATENATE($AT97,$AU97,$AV97,$F97),'SKU Dist'!$E$2:$X$200,'SKU Dist'!J$1,FALSE),"")=0,"",IF($AT97<>"",VLOOKUP(CONCATENATE($AT97,$AU97,$AV97,$F97),'SKU Dist'!$E$2:$X$200,'SKU Dist'!J$1,FALSE),"")) | Q97: =IF(IF($AT97<>"",VLOOKUP(CONCATENATE($AT97,$AU97,$AV97,$F97),'SKU Dist'!$E$2:$X$200,'SKU Dist'!K$1,FALSE),"")=0,"",IF($AT97<>"",VLOOKUP(CONCATENATE($AT97,$AU97,$AV97,$F97),'SKU Dist'!$E$2:$X$200,'SKU Dist'!K$1,FALSE),"")) | R97: =IF(IF($AT97<>"",VLOOKUP(CONCATENATE($AT97,$AU97,$AV97,$F97),'SKU Dist'!$E$2:$X$200,'SKU Dist'!L$1,FALSE),"")=0,"",IF($AT97<>"",VLOOKUP(CONCATENATE($AT97,$AU97,$AV97,$F97),'SKU Dist'!$E$2:$X$200,'SKU Dist'!L$1,FALSE),"")) | S97: 1 | T97: 1 | U97: 2 | V97: 2 | W97: 2 | X97: 2 | Y97: 1 | Z97: 2 | AA97: =IF(IF($AT97<>"",VLOOKUP(CONCATENATE($AT97,$AU97,$AV97,$F97),'SKU Dist'!$E$2:$X$200,'SKU Dist'!U$1,FALSE),"")=0,"",IF($AT97<>"",VLOOKUP(CONCATENATE($AT97,$AU97,$AV97,$F97),'SKU Dist'!$E$2:$X$200,'SKU Dist'!U$1,FALSE),"")) | AB97: =IF(IF($AT97<>"",VLOOKUP(CONCATENATE($AT97,$AU97,$AV97,$F97),'SKU Dist'!$E$2:$X$200,'SKU Dist'!V$1,FALSE),"")=0,"",IF($AT97<>"",VLOOKUP(CONCATENATE($AT97,$AU97,$AV97,$F97),'SKU Dist'!$E$2:$X$200,'SKU Dist'!V$1,FALSE),"")) | AC97: =IF(IF($AT97<>"",VLOOKUP(CONCATENATE($AT97,$AU97,$AV97,$F97),'SKU Dist'!$E$2:$X$200,'SKU Dist'!W$1,FALSE),"")=0,"",IF($AT97<>"",VLOOKUP(CONCATENATE($AT97,$AU97,$AV97,$F97),'SKU Dist'!$E$2:$X$200,'SKU Dist'!W$1,FALSE),"")) | AG97: =SUM(G97:AF97) -> 13 | AH97: 140 | AI97: =AG97*AH97 -> 1820 | AT97: =IF(E97=E96,AT96,IF(B97="","",B97)) | AU97: Irish Setter | AV97: M
A98: =SUM(AI95:AI98) -> 2660 | C98: VNR | D98: 071526 | E98: 84670 | F98: E2 | P98: =IF(IF($AT98<>"",VLOOKUP(CONCATENATE($AT98,$AU98,$AV98,$F98),'SKU Dist'!$E$2:$X$200,'SKU Dist'!J$1,FALSE),"")=0,"",IF($AT98<>"",VLOOKUP(CONCATENATE($AT98,$AU98,$AV98,$F98),'SKU Dist'!$E$2:$X$200,'SKU Dist'!J$1,FALSE),"")) | Q98: =IF(IF($AT98<>"",VLOOKUP(CONCATENATE($AT98,$AU98,$AV98,$F98),'SKU Dist'!$E$2:$X$200,'SKU Dist'!K$1,FALSE),"")=0,"",IF($AT98<>"",VLOOKUP(CONCATENATE($AT98,$AU98,$AV98,$F98),'SKU Dist'!$E$2:$X$200,'SKU Dist'!K$1,FALSE),"")) | R98: =IF(IF($AT98<>"",VLOOKUP(CONCATENATE($AT98,$AU98,$AV98,$F98),'SKU Dist'!$E$2:$X$200,'SKU Dist'!L$1,FALSE),"")=0,"",IF($AT98<>"",VLOOKUP(CONCATENATE($AT98,$AU98,$AV98,$F98),'SKU Dist'!$E$2:$X$200,'SKU Dist'!L$1,FALSE),"")) | T98: 1 | U98: 1 | V98: 1 | W98: 1 | X98: 1 | Z98: 1 | AA98: =IF(IF($AT98<>"",VLOOKUP(CONCATENATE($AT98,$AU98,$AV98,$F98),'SKU Dist'!$E$2:$X$200,'SKU Dist'!U$1,FALSE),"")=0,"",IF($AT98<>"",VLOOKUP(CONCATENATE($AT98,$AU98,$AV98,$F98),'SKU Dist'!$E$2:$X$200,'SKU Dist'!U$1,FALSE),"")) | AB98: =IF(IF($AT98<>"",VLOOKUP(CONCATENATE($AT98,$AU98,$AV98,$F98),'SKU Dist'!$E$2:$X$200,'SKU Dist'!V$1,FALSE),"")=0,"",IF($AT98<>"",VLOOKUP(CONCATENATE($AT98,$AU98,$AV98,$F98),'SKU Dist'!$E$2:$X$200,'SKU Dist'!V$1,FALSE),"")) | AG98: =SUM(G98:AF98) -> 6 | AH98: 140 | AI98: =AG98*AH98 -> 840 | AT98: =IF(E98=E97,AT97,IF(B98="","",B98)) | AU98: Irish Setter | AV98: M
C99: VNR | D99: 071526 | E99: 84672 | F99: D | N99: =IF(IF($AT99<>"",VLOOKUP(CONCATENATE($AT99,$AU99,$AV99,$F99),'SKU Dist'!$E$2:$X$200,'SKU Dist'!H$1,FALSE),"")=0,"",IF($AT99<>"",VLOOKUP(CONCATENATE($AT99,$AU99,$AV99,$F99),'SKU Dist'!$E$2:$X$200,'SKU Dist'!H$1,FALSE),"")) | O99: =IF(IF($AT99<>"",VLOOKUP(CONCATENATE($AT99,$AU99,$AV99,$F99),'SKU Dist'!$E$2:$X$200,'SKU Dist'!I$1,FALSE),"")=0,"",IF($AT99<>"",VLOOKUP(CONCATENATE($AT99,$AU99,$AV99,$F99),'SKU Dist'!$E$2:$X$200,'SKU Dist'!I$1,FALSE),"")) | P99: =IF(IF($AT99<>"",VLOOKUP(CONCATENATE($AT99,$AU99,$AV99,$F99),'SKU Dist'!$E$2:$X$200,'SKU Dist'!J$1,FALSE),"")=0,"",IF($AT99<>"",VLOOKUP(CONCATENATE($AT99,$AU99,$AV99,$F99),'SKU Dist'!$E$2:$X$200,'SKU Dist'!J$1,FALSE),"")) | Q99: =IF(IF($AT99<>"",VLOOKUP(CONCATENATE($AT99,$AU99,$AV99,$F99),'SKU Dist'!$E$2:$X$200,'SKU Dist'!K$1,FALSE),"")=0,"",IF($AT99<>"",VLOOKUP(CONCATENATE($AT99,$AU99,$AV99,$F99),'SKU Dist'!$E$2:$X$200,'SKU Dist'!K$1,FALSE),"")) | R99: =IF(IF($AT99<>"",VLOOKUP(CONCATENATE($AT99,$AU99,$AV99,$F99),'SKU Dist'!$E$2:$X$200,'SKU Dist'!L$1,FALSE),"")=0,"",IF($AT99<>"",VLOOKUP(CONCATENATE($AT99,$AU99,$AV99,$F99),'SKU Dist'!$E$2:$X$200,'SKU Dist'!L$1,FALSE),"")) | S99: =IF(IF($AT99<>"",VLOOKUP(CONCATENATE($AT99,$AU99,$AV99,$F99),'SKU Dist'!$E$2:$X$200,'SKU Dist'!M$1,FALSE),"")=0,"",IF($AT99<>"",VLOOKUP(CONCATENATE($AT99,$AU99,$AV99,$F99),'SKU Dist'!$E$2:$X$200,'SKU Dist'!M$1,FALSE),"")) | T99: =IF(IF($AT99<>"",VLOOKUP(CONCATENATE($AT99,$AU99,$AV99,$F99),'SKU Dist'!$E$2:$X$200,'SKU Dist'!N$1,FALSE),"")=0,"",IF($AT99<>"",VLOOKUP(CONCATENATE($AT99,$AU99,$AV99,$F99),'SKU Dist'!$E$2:$X$200,'SKU Dist'!N$1,FALSE),"")) | U99: =IF(IF($AT99<>"",VLOOKUP(CONCATENATE($AT99,$AU99,$AV99,$F99),'SKU Dist'!$E$2:$X$200,'SKU Dist'!O$1,FALSE),"")=0,"",IF($AT99<>"",VLOOKUP(CONCATENATE($AT99,$AU99,$AV99,$F99),'SKU Dist'!$E$2:$X$200,'SKU Dist'!O$1,FALSE),"")) | ... AC99: =IF(IF($AT99<>"",VLOOKUP(CONCATENATE($AT99,$AU99,$AV99,$F99),'SKU Dist'!$E$2:$X$200,'SKU Dist'!W$1,FALSE),"")=0,"",IF($AT99<>"",VLOOKUP(CONCATENATE($AT99,$AU99,$AV99,$F99),'SKU Dist'!$E$2:$X$200,'SKU Dist'!W$1,FALSE),"")) | AG99: =SUM(G99:AF99) -> 0 | AH99: 135 | AI99: =AG99*AH99 -> 0 | AT99: =IF(E99=E98,AT98,IF(B99="","",B99)) | AU99: Irish Setter | AV99: M
C100: VNR | D100: 071526 | E100: 84672 | F100: E2 | P100: =IF(IF($AT100<>"",VLOOKUP(CONCATENATE($AT100,$AU100,$AV100,$F100),'SKU Dist'!$E$2:$X$200,'SKU Dist'!J$1,FALSE),"")=0,"",IF($AT100<>"",VLOOKUP(CONCATENATE($AT100,$AU100,$AV100,$F100),'SKU Dist'!$E$2:$X$200,'SKU Dist'!J$1,FALSE),"")) | Q100: =IF(IF($AT100<>"",VLOOKUP(CONCATENATE($AT100,$AU100,$AV100,$F100),'SKU Dist'!$E$2:$X$200,'SKU Dist'!K$1,FALSE),"")=0,"",IF($AT100<>"",VLOOKUP(CONCATENATE($AT100,$AU100,$AV100,$F100),'SKU Dist'!$E$2:$X$200,'SKU Dist'!K$1,FALSE),"")) | R100: =IF(IF($AT100<>"",VLOOKUP(CONCATENATE($AT100,$AU100,$AV100,$F100),'SKU Dist'!$E$2:$X$200,'SKU Dist'!L$1,FALSE),"")=0,"",IF($AT100<>"",VLOOKUP(CONCATENATE($AT100,$AU100,$AV100,$F100),'SKU Dist'!$E$2:$X$200,'SKU Dist'!L$1,FALSE),"")) | S100: =IF(IF($AT100<>"",VLOOKUP(CONCATENATE($AT100,$AU100,$AV100,$F100),'SKU Dist'!$E$2:$X$200,'SKU Dist'!M$1,FALSE),"")=0,"",IF($AT100<>"",VLOOKUP(CONCATENATE($AT100,$AU100,$AV100,$F100),'SKU Dist'!$E$2:$X$200,'SKU Dist'!M$1,FALSE),"")) | T100: =IF(IF($AT100<>"",VLOOKUP(CONCATENATE($AT100,$AU100,$AV100,$F100),'SKU Dist'!$E$2:$X$200,'SKU Dist'!N$1,FALSE),"")=0,"",IF($AT100<>"",VLOOKUP(CONCATENATE($AT100,$AU100,$AV100,$F100),'SKU Dist'!$E$2:$X$200,'SKU Dist'!N$1,FALSE),"")) | U100: =IF(IF($AT100<>"",VLOOKUP(CONCATENATE($AT100,$AU100,$AV100,$F100),'SKU Dist'!$E$2:$X$200,'SKU Dist'!O$1,FALSE),"")=0,"",IF($AT100<>"",VLOOKUP(CONCATENATE($AT100,$AU100,$AV100,$F100),'SKU Dist'!$E$2:$X$200,'SKU Dist'!O$1,FALSE),"")) | V100: =IF(IF($AT100<>"",VLOOKUP(CONCATENATE($AT100,$AU100,$AV100,$F100),'SKU Dist'!$E$2:$X$200,'SKU Dist'!P$1,FALSE),"")=0,"",IF($AT100<>"",VLOOKUP(CONCATENATE($AT100,$AU100,$AV100,$F100),'SKU Dist'!$E$2:$X$200,'SKU Dist'!P$1,FALSE),"")) | W100: =IF(IF($AT100<>"",VLOOKUP(CONCATENATE($AT100,$AU100,$AV100,$F100),'SKU Dist'!$E$2:$X$200,'SKU Dist'!Q$1,FALSE),"")=0,"",IF($AT100<>"",VLOOKUP(CONCATENATE($AT100,$AU100,$AV100,$F100),'SKU Dist'!$E$2:$X$200,'SKU Dist'!Q$1,FALSE),"")) | ... AB100: =IF(IF($AT100<>"",VLOOKUP(CONCATENATE($AT100,$AU100,$AV100,$F100),'SKU Dist'!$E$2:$X$200,'SKU Dist'!V$1,FALSE),"")=0,"",IF($AT100<>"",VLOOKUP(CONCATENATE($AT100,$AU100,$AV100,$F100),'SKU Dist'!$E$2:$X$200,'SKU Dist'!V$1,FALSE),"")) | AG100: =SUM(G100:AF100) -> 0 | AH100: 135 | AI100: =AG100*AH100 -> 0 | AT100: =IF(E100=E99,AT99,IF(B100="","",B100)) | AU100: Irish Setter | AV100: M
...

Sheet EXISTING
B1: ='NEW SHOES'!E1 -> FALL 2026 PROGRAM NEW SHOES
AH2: INSTRUCTIONS
K3: ='NEW SHOES'!P3 -> DOMESTIC-A
B4: DATE: | D4: ='NEW SHOES'!F4 -> 0 | N4: ACCOUNT # | Q4: ='NEW SHOES'!P4 -> 0 | AD4: ='NEW SHOES'!W4 -> NO | AE4: YES for address change | AH4: FORMATTING: Zeros are not required when entering the stock number (953 2231 83912)
B5: SALES REP: | D5: ='NEW SHOES'!F5 -> 0 | N5: STORE NAME: | Q5: ='NEW SHOES'!P5 -> 0 | AH5: Fill in stock number on each line. Do Not skip any lines between styles.
B6: P.O. #: | D6: ='NEW SHOES'!F6 -> F26 A | N6: ADDRESS: | Q6: ='NEW SHOES'!P6 -> 0 | AD6: EXISTING TOTAL PAIR | AF6: =AD304 -> 0 | AH6: Widths— A A2 B C D E E2 E3 H N M W W2
O7: CITY: | Q7: ='NEW SHOES'!P7 -> 0 | AD7: EXISTING TOTAL PRICE: | AF7: =AF304 -> 0 | AH7: SHIP DATE FIELD: Enter At Once for product to ship when available
O8: STATE: | Q8: ='NEW SHOES'!P8 -> 0 | T8: ZIP CODE: | V8: ='NEW SHOES'!U8 -> 0 | AJ8: MMDDYY (053119) for future shipdate
A9: REQT DATE FORMAT: MMDDYY RQT DATE STARTING 080126 | AJ9: Fill in each line that has product listed.
C10: SEASONAL FALL ORDERS | AC10: TERMS 1 | AE10: ='NEW SHOES'!AG7 -> 0 | AI10: A
C11: August 1st Through December 15th | AC11: Our Reference | AE11: ='NEW SHOES'!AG9 -> 0
A12: ENTRY START ON LINE 14
A13: REQT DATE | B13: Style | C13: Width | D13: 1 | E13: 2 | F13: 3 | G13: 4 | H13: 4.5 | I13: 5 | J13: 5.5 | K13: 6 | L13: 6.5 | M13: 7 | N13: 7.5 | O13: 8 | P13: 8.5 | Q13: 9 | R13: 9.5 | S13: 10 | T13: 10.5 | U13: 11 | V13: 11.5 | W13: 12 | X13: 13 | Y13: 14 | Z13: 15 | AA13: 16 | AB13: 17 | AC13: 18 | AD13: Total Pr | AE13: Price/Pr | AF13: Total Price | AK13: STYLES
AD14: =SUM(D14:AC14) -> 0 | AF14: =AD14*AE14 -> 0 | AJ14: B | AK14: 2746
B15: 7000 | AD15: =SUM(D15:AC15) -> 0 | AF15: =AD15*AE15 -> 0 | AJ15: C | AK15: 3263
AD16: =SUM(D16:AC16) -> 0 | AF16: =AD16*AE16 -> 0 | AJ16: D | AK16: 3264
AD17: =SUM(D17:AC17) -> 0 | AF17: =AD17*AE17 -> 0 | AJ17: E | AK17: 3265
AD18: =SUM(D18:AC18) -> 0 | AF18: =AD18*AE18 -> 0 | AJ18: E2 | AK18: 3266
AD19: =SUM(D19:AC19) -> 0 | AF19: =AD19*AE19 -> 0 | AJ19: E3 | AK19: 3548
AD20: =SUM(D20:AC20) -> 0 | AF20: =AD20*AE20 -> 0 | AJ20: H | AK20: 3936
AD21: =SUM(D21:AC21) -> 0 | AF21: =AD21*AE21 -> 0 | AJ21: M | AK21: 7000
AD22: =SUM(D22:AC22) -> 0 | AF22: =AD22*AE22 -> 0 | AJ22: W | AK22: 7172
AD23: =SUM(D23:AC23) -> 0 | AF23: =AD23*AE23 -> 0 | AJ23: W2 | AK23: 7930
AD24: =SUM(D24:AC24) -> 0 | AF24: =AD24*AE24 -> 0 | AJ24: A | AK24: 7970
AD25: =SUM(D25:AC25) -> 0 | AF25: =AD25*AE25 -> 0 | AJ25: A2 | AK25: 7971
AD26: =SUM(D26:AC26) -> 0 | AF26: =AD26*AE26 -> 0 | AK26: 7976
AD27: =SUM(D27:AC27) -> 0 | AF27: =AD27*AE27 -> 0 | AK27: 7977
AD28: =SUM(D28:AC28) -> 0 | AF28: =AD28*AE28 -> 0 | AK28: A0860
AD29: =SUM(D29:AC29) -> 0 | AF29: =AD29*AE29 -> 0 | AK29: A2714
AD30: =SUM(D30:AC30) -> 0 | AF30: =AD30*AE30 -> 0 | AK30: A2715
AD31: =SUM(D31:AC31) -> 0 | AF31: =AD31*AE31 -> 0 | AK31: A3897
AD32: =SUM(D32:AC32) -> 0 | AF32: =AD32*AE32 -> 0 | AK32: G7156
AD33: =SUM(D33:AC33) -> 0 | AF33: =AD33*AE33 -> 0 | AK33: G7244
AD34: =SUM(D34:AC34) -> 0 | AF34: =AD34*AE34 -> 0 | AK34: G7553
AD35: =SUM(D35:AC35) -> 0 | AF35: =AD35*AE35 -> 0 | AK35: G7752
AD36: =SUM(D36:AC36) -> 0 | AF36: =AD36*AE36 -> 0
AD37: =SUM(D37:AC37) -> 0 | AF37: =AD37*AE37 -> 0
AD38: =SUM(D38:AC38) -> 0 | AF38: =AD38*AE38 -> 0
AD39: =SUM(D39:AC39) -> 0 | AF39: =AD39*AE39 -> 0
AD40: =SUM(D40:AC40) -> 0 | AF40: =AD40*AE40 -> 0
AD41: =SUM(D41:AC41) -> 0 | AF41: =AD41*AE41 -> 0
AD42: =SUM(D42:AC42) -> 0 | AF42: =AD42*AE42 -> 0
AD43: =SUM(D43:AC43) -> 0 | AF43: =AD43*AE43 -> 0
AD44: =SUM(D44:AC44) -> 0 | AF44: =AD44*AE44 -> 0
AD45: =SUM(D45:AC45) -> 0 | AF45: =AD45*AE45 -> 0
AD46: =SUM(D46:AC46) -> 0 | AF46: =AD46*AE46 -> 0
AD47: =SUM(D47:AC47) -> 0 | AF47: =AD47*AE47 -> 0
... AD303: =SUM(D303:AC303) -> 0 | AF303: =AD303*AE303 -> 0
B304: Total | AD304: =SUM(AD14:AD303) -> 0 | AF304: =SUM(AF14:AF303) -> 0

Sheet EUROPEAN SHOES
B1: ='NEW SHOES'!E1 -> FALL 2026 PROGRAM NEW SHOES
B3: DATE: | D3: ='NEW SHOES'!F4 -> 0 | N3: ACCOUNT # | Q3: ='NEW SHOES'!P4 -> 0 | AA3: ='NEW SHOES'!W4 -> NO | AB3: YES for address change
B4: SALES REP: | D4: ='NEW SHOES'!F5 -> 0 | N4: STORE NAME: | Q4: ='NEW SHOES'!P5 -> 0
B5: P.O. #: | D5: ='NEW SHOES'!F6 -> F26 A | N5: ADDRESS: | Q5: ='NEW SHOES'!P6 -> 0 | AA5: EURPOEAN TOTAL PAIR: | AC5: =AA57 -> 0
O6: CITY: | Q6: ='NEW SHOES'!P7 -> 0 | AA6: EUROPEAN TOTAL PRICE: | AC6: =AC57 -> 0
O7: STATE: | Q7: ='NEW SHOES'!P8 -> 0 | T7: ZIP CODE: | V7: ='NEW SHOES'!U8 -> 0
A9: REQT DATE FORMAT: MMDDYY (FUTURE) AT ONCE (AS AVAILABLE) | Z9: TERMS 1 | AB9: ='NEW SHOES'!AG7 -> 0
Z10: Our Reference | AB10: ='NEW SHOES'!AG9 -> 0
A12: ENTRY START ON LINE 14 | AD12: Customer Order Number (Internal Use Only)
A13: RQT DATE | B13: Style | D13: 34 | E13: 35 | F13: 36 | G13: 37 | H13: 38 | I13: 39 | J13: 40 | K13: 41 | L13: 42 | M13: 43 | N13: 44 | O13: 45 | P13: 46 | Q13: 47 | R13: 48 | S13: 49 | T13: 50 | AA13: Total Pr | AB13: Price/Pr | AC13: Total Price
AA14: =SUM(D14:Z14) -> 0 | AC14: =AA14*AB14 -> 0 | AE14: Existing | AF14: 3259
AA15: =SUM(D15:Z15) -> 0 | AC15: =AA15*AB15 -> 0 | AE15: Existing | AF15: 3287
AA16: =SUM(D16:Z16) -> 0 | AC16: =AA16*AB16 -> 0 | AE16: Existing | AF16: 3295
AA17: =SUM(D17:Z17) -> 0 | AC17: =AA17*AB17 -> 0 | AE17: Existing | AF17: 3297
AA18: =SUM(D18:Z18) -> 0 | AC18: =AA18*AB18 -> 0 | AE18: Existing | AF18: 5540
AA19: =SUM(D19:Z19) -> 0 | AC19: =AA19*AB19 -> 0 | AE19: Existing | AF19: 5705
AA20: =SUM(D20:Z20) -> 0 | AC20: =AA20*AB20 -> 0 | AE20: Existing | AF20: 5840
AA21: =SUM(D21:Z21) -> 0 | AC21: =AA21*AB21 -> 0 | AE21: Existing | AF21: 3241
AA22: =SUM(D22:Z22) -> 0 | AC22: =AA22*AB22 -> 0
AA23: =SUM(D23:Z23) -> 0 | AC23: =AA23*AB23 -> 0
AA24: =SUM(D24:Z24) -> 0 | AC24: =AA24*AB24 -> 0
AA25: =SUM(D25:Z25) -> 0 | AC25: =AA25*AB25 -> 0
AA26: =SUM(D26:Z26) -> 0 | AC26: =AA26*AB26 -> 0
AA27: =SUM(D27:Z27) -> 0 | AC27: =AA27*AB27 -> 0
AA28: =SUM(D28:Z28) -> 0 | AC28: =AA28*AB28 -> 0
AA29: =SUM(D29:Z29) -> 0 | AC29: =AA29*AB29 -> 0
AA30: =SUM(D30:Z30) -> 0 | AC30: =AA30*AB30 -> 0
AA31: =SUM(D31:Z31) -> 0 | AC31: =AA31*AB31 -> 0
AA32: =SUM(D32:Z32) -> 0 | AC32: =AA32*AB32 -> 0
AA33: =SUM(D33:Z33) -> 0 | AC33: =AA33*AB33 -> 0
AA34: =SUM(D34:Z34) -> 0 | AC34: =AA34*AB34 -> 0
AA35: =SUM(D35:Z35) -> 0 | AC35: =AA35*AB35 -> 0 | AM35: A
